TopSuiteName,TestCaseId,TestCaseName,Outcome,NumPaths,Paths,OutcomeSource,OutcomeTimestamp,BackfillRunId
M3- FL WINS - UAT Test Plan,10577,US10526_TC_M3_S1_C360-Hardening_0001_Cust360_Case Worker Remove Button For New Program Enrollment,NeverRun,1,M3- FL WINS - UAT Test Plan/DOE - UAT 1/Priority 2 - C360/10526: C360 - Remove “New” button on Program Enrollment related list on Person Account layout,,,
M3- FL WINS - UAT Test Plan,10583,"US10552_TC_M3_S1_C360-Hardening_0001_Remove Button For  “New”, “Discover Companies” and “Intelligence View” buttons from Account List View.",Passed,1,"M3- FL WINS - UAT Test Plan/Commerce - UAT 1/Priority 3 - C360/10552: C360 - Remove “New”, “Discover Companies” and “Intelligence View” buttons from Account List View",,,
M3- FL WINS - UAT Test Plan,10582,"US10496_TC_M3_S1_REQP-10580_0001_C360- (AC) -Save Signature details on Assessment Response, Digital Signature and Assessment  Signature",NeverRun,1,"M3- FL WINS - UAT Test Plan/DOE - UAT 1/Priority 2 - C360/10496: C360 -Save Signature details on Assessment Response, Digital Signature and Assessment  Signature",,,
M3- FL WINS - UAT Test Plan,10598,US10554_TC_M3_S1_C360-Hardening_0001_Case Worker First-Time Login Lands on Home Page by Default,NeverRun,1,M3- FL WINS - UAT Test Plan/Commerce - UAT 1/Priority 3 - C360/10554: C360 – Case Workers should land on home page when they log into C360,,,
M3- FL WINS - UAT Test Plan,11599,US10554_TC_M3_S1_C360-Hardening_0002_Returning User Lands on Previously Open Console Tab,NeverRun,1,M3- FL WINS - UAT Test Plan/Commerce - UAT 1/Priority 3 - C360/10554: C360 – Case Workers should land on home page when they log into C360,,,
M3- FL WINS - UAT Test Plan,11355,US10414_TC_M3_S1_C360 - Hardening_0001_Cust360_Assessment Completed,Passed,1,M3- FL WINS - UAT Test Plan/Commerce - UAT 1/Priority 1-Portal/10414: Service Match assessment enhancements,,,
M3- FL WINS - UAT Test Plan,11356,US10414_TC_M3_S1_C360 - Hardening_0002_AC_Goal Need Mapping,Passed,1,M3- FL WINS - UAT Test Plan/Commerce - UAT 1/Priority 1-Portal/10414: Service Match assessment enhancements,,,
M3- FL WINS - UAT Test Plan,11357,US10414_TC_M3_S1_C360 - Hardening_0003_UAC_Goal Need Mapping,Passed,1,M3- FL WINS - UAT Test Plan/Commerce - UAT 1/Priority 1-Portal/10414: Service Match assessment enhancements,,,
M3- FL WINS - UAT Test Plan,11358,US10414_TC_M3_S1_C360 - Hardening_0004_AC_Correct Information After Submission.,Passed,1,M3- FL WINS - UAT Test Plan/Commerce - UAT 1/Priority 1-Portal/10414: Service Match assessment enhancements,,,
M3- FL WINS - UAT Test Plan,11359,US10414_TC_M3_S1_C360 - Hardening_0005_UAC_Correct Information After Submission.,Passed,1,M3- FL WINS - UAT Test Plan/Commerce - UAT 1/Priority 1-Portal/10414: Service Match assessment enhancements,,,
M3- FL WINS - UAT Test Plan,11205,US10911_TC_M3_S1_REQP-118_AC_0001_CustPortal_Registration Intake Button Validation,Passed,1,"M3- FL WINS - UAT Test Plan/DOE - UAT 1/Priority 1- Portal/10911:  P-AC- Add ""Start my registration intake"" button to VR Details page",,,
M3- FL WINS - UAT Test Plan,11234,US10912_M3_S2_REQP-118_AC_0001_CustPortal_Registration Intake Confirmation Screen,NeverRun,1,M3- FL WINS - UAT Test Plan/UAT 2/10912: P-AC-VR Specific Registration Intake Confirmation Screen,,,
M3- FL WINS - UAT Test Plan,11327,US10557_TC_M3_S1_C360_0001_Remove “Printable View” and “Delete” from Person Account page layout.,NeverRun,1,M3- FL WINS - UAT Test Plan/DOE - UAT 1/Priority 2 - C360/10557: C360 - Remove “Printable View” and “Delete” from Person Account page layout.,,,
M3- FL WINS - UAT Test Plan,11282,"US10562_TC_M3_S1_C360- Hardening_0001_On Program Details page, remove “Clone”, “Edit”, and “Activities” component from the layout",NeverRun,1,"M3- FL WINS - UAT Test Plan/DOE - UAT 1/Priority 2 - C360/10562: C360- On Program Details page, remove “Clone”, “Edit”, and “Activities” component from the layout",,,
M3- FL WINS - UAT Test Plan,11281,US10910_TC_M3_S1_REQ-118_0001_UAC_Add Create Account/Sign in button to VR Details page,NeverRun,1,M3- FL WINS - UAT Test Plan/DOE - UAT 1/Priority 1- Portal/10910: UAC_Add Create Account/Sign in button to VR Details page,,,
M3- FL WINS - UAT Test Plan,11284,US10553_TC_M3_S1_C360_AC_0001_Remove “Clone” and  “Edit” button on Program Enrollment record,Passed,1,"M3- FL WINS - UAT Test Plan/Commerce - UAT 1/Priority 3 - C360/10553: C360-Remove ""Clone"" and ""Edit"" button on Program Enrollment record",,,
M3- FL WINS - UAT Test Plan,11326,US11113_TC_M3_S1_REQ-NF-383: C360- Customer Portal_0001_ Daily Authenticated Verified Users Created Report,NeverRun,1,M3- FL WINS - UAT Test Plan/DOE - UAT 1/Priority 2 - C360/11113: C360- Customer Portal - Daily Authenticated Verified Users Created Report,,,
M3- FL WINS - UAT Test Plan,11352,US10558_TC_M3_S1_C360_0001_ Remove change owner icon for Case Workers on Person Account detail page. This shows functionality related to Opportunity which is not relevant to FL WINS.,NeverRun,1,M3- FL WINS - UAT Test Plan/DOE - UAT 1/Priority 2 - C360/10558: Remove change owner icon for Case Workers on Person Account detail page. This shows functionality related to Opportunity which is not relevant to FL WINS,,,
M3- FL WINS - UAT Test Plan,11353,US10560_TC_M3_S1_C360_AC_0001_Remove “New” button on Referrals tab on Person Account details page for case workers.,Passed,1,M3- FL WINS - UAT Test Plan/Commerce - UAT 1/Priority 3 - C360/10560: C360 - Remove “New” button on Referrals tab on Person Account details page for case workers,,,
M3- FL WINS - UAT Test Plan,11498,US9204_TC_M3_S1_C360 - Hardening_0001_Cust360_Admin Check,NeverRun,1,M3- FL WINS - UAT Test Plan/Commerce - UAT 1/Priority 3 - C360/9204: P- AC - Track File Upload Time for Reporting - Portal,,,
M3- FL WINS - UAT Test Plan,11499,US9204_TC_M3_S1_C360 - Hardening_0002_Cust360_Case Worker Check,NeverRun,1,M3- FL WINS - UAT Test Plan/Commerce - UAT 1/Priority 3 - C360/9204: P- AC - Track File Upload Time for Reporting - Portal,,,
M3- FL WINS - UAT Test Plan,11381,US9842_TC_M3_S1_REQ-51_0001_Create_QR_Code-UAC,NeverRun,1,M3- FL WINS - UAT Test Plan/DOE - UAT 1/Priority 1- Portal/9842: DOE- P-AC/UAC- Create QR code,,,
M3- FL WINS - UAT Test Plan,11382,US9842_TC_M3_S1_REQ-51_0002_Create_QR_Code-AC,NeverRun,1,M3- FL WINS - UAT Test Plan/DOE - UAT 1/Priority 1- Portal/9842: DOE- P-AC/UAC- Create QR code,,,
M3- FL WINS - UAT Test Plan,11372,US9843_TC_M3_S3_REQ-51_0001_Deactivate_QR_Code-UAC,Passed,1,M3- FL WINS - UAT Test Plan/DOE - UAT 1/Priority 1- Portal/9843: DOE- P-UAC/AC- Deactivate QR code,,,
M3- FL WINS - UAT Test Plan,11373,US9843_TC_M3_S3_REQ-51_0002_Deactivate_QR_Code-AC,Passed,1,M3- FL WINS - UAT Test Plan/DOE - UAT 1/Priority 1- Portal/9843: DOE- P-UAC/AC- Deactivate QR code,,,
M3- FL WINS - UAT Test Plan,14405,US9843_TC_M3_S3_REQ-51_0003_Deactivate_QR_Code - Haitian Creole Translation,Passed,1,M3- FL WINS - UAT Test Plan/DOE - UAT 1/Priority 1- Portal/9843: DOE- P-UAC/AC- Deactivate QR code,,,
M3- FL WINS - UAT Test Plan,14406,US9843_TC_M3_S3_REQ-51_0004_Deactivate_QR_Code -Spanish Translation,Passed,1,M3- FL WINS - UAT Test Plan/DOE - UAT 1/Priority 1- Portal/9843: DOE- P-UAC/AC- Deactivate QR code,,,
M3- FL WINS - UAT Test Plan,11400,US9844_TC_M3_S1_REQ-53_0001_Scan_QR_Code-UAC,NeverRun,1,M3- FL WINS - UAT Test Plan/DOE - UAT 1/Priority 1- Portal/9844: DOE- P-AC/UAC - Scan QR code Intake,,,
M3- FL WINS - UAT Test Plan,11401,US9844_TC_M3_S1_REQ53_0002_Scan_QR_Code-AC,NeverRun,1,M3- FL WINS - UAT Test Plan/DOE - UAT 1/Priority 1- Portal/9844: DOE- P-AC/UAC - Scan QR code Intake,,,
M3- FL WINS - UAT Test Plan,11367,US10908_TC_M3_S1_REQ-C360-13_AC_0001-Reemployment Assistance PEGA Integration Confirmation Screen,Passed,1,M3- FL WINS - UAT Test Plan/Commerce - UAT 1/Priority 1-Portal/10908: P-AC-Reemployment Assistance PEGA Integration Confirmation Screen,,,
M3- FL WINS - UAT Test Plan,11761,US10908_TC_M3_S1_REQ-C360-13_AC_0002-View agency tracking number in submitted tab list view,Passed,1,M3- FL WINS - UAT Test Plan/Commerce - UAT 1/Priority 1-Portal/10908: P-AC-Reemployment Assistance PEGA Integration Confirmation Screen,,,
M3- FL WINS - UAT Test Plan,11388,US11009_TC_M3_S1_C360 - Hardening_0001_UAC_Verify Needs For Program,NeverRun,1,M3- FL WINS - UAT Test Plan/DOE - UAT 1/Priority 1- Portal/11009: Fix programNeeds LWC to display the needs from Goal to Needs mapping object,,,
M3- FL WINS - UAT Test Plan,11389,US11009_TC_M3_S1_C360 - Hardening_0002_AC_Verify Needs For Program,NeverRun,1,M3- FL WINS - UAT Test Plan/DOE - UAT 1/Priority 1- Portal/11009: Fix programNeeds LWC to display the needs from Goal to Needs mapping object,,,
M3- FL WINS - UAT Test Plan,11390,US11009_TC_M3_S1_C360 - Hardening_0003_UAC_Verify GoalNeedService Relationships,NeverRun,1,M3- FL WINS - UAT Test Plan/DOE - UAT 1/Priority 1- Portal/11009: Fix programNeeds LWC to display the needs from Goal to Needs mapping object,,,
M3- FL WINS - UAT Test Plan,11391,US11009_TC_M3_S1_C360 - Hardening_0004_AC_Verify GoalNeedService Relationships,NeverRun,1,M3- FL WINS - UAT Test Plan/DOE - UAT 1/Priority 1- Portal/11009: Fix programNeeds LWC to display the needs from Goal to Needs mapping object,,,
M3- FL WINS - UAT Test Plan,11392,US11009_TC_M3_S1_C360 - Hardening_0005_UAC_Single Goal All Needs,NeverRun,1,M3- FL WINS - UAT Test Plan/DOE - UAT 1/Priority 1- Portal/11009: Fix programNeeds LWC to display the needs from Goal to Needs mapping object,,,
M3- FL WINS - UAT Test Plan,11393,US11009_TC_M3_S1_C360 - Hardening_0006_AC_Single Goal All Needs,NeverRun,1,M3- FL WINS - UAT Test Plan/DOE - UAT 1/Priority 1- Portal/11009: Fix programNeeds LWC to display the needs from Goal to Needs mapping object,,,
M3- FL WINS - UAT Test Plan,11394,US11009_TC_M3_S1_C360 - Hardening_0007_UAC_All Goals All Needs,Passed,1,M3- FL WINS - UAT Test Plan/DOE - UAT 1/Priority 1- Portal/11009: Fix programNeeds LWC to display the needs from Goal to Needs mapping object,,,
M3- FL WINS - UAT Test Plan,11395,US11009_TC_M3_S1_C360 - Hardening_0008_AC_All Goals All Needs,Passed,1,M3- FL WINS - UAT Test Plan/DOE - UAT 1/Priority 1- Portal/11009: Fix programNeeds LWC to display the needs from Goal to Needs mapping object,,,
M3- FL WINS - UAT Test Plan,11376,US10561_TC_M3_S1_C360- Hardening_0001_Case Workers should not be able to create Programs. Remove the New button for Programs List View,NeverRun,1,M3- FL WINS - UAT Test Plan/Commerce - UAT 1/Priority 3 - C360/10561: C360- Case Workers should not be able to create Programs. Remove the New button for Programs List View,,,
M3- FL WINS - UAT Test Plan,11378,US478_TC_M3_S1_REQP-478_0001_P-UAC- Downloadable PDF Registration (Common) Intake Form (Moved to M3),NeverRun,1,M3- FL WINS - UAT Test Plan/DOE - UAT 1/Priority 1- Portal/478: DOE - P-UAC- Downloadable PDF Registration (Common) Intake Form (Moved to M3),,,
M3- FL WINS - UAT Test Plan,11380,US10563_TC_M3_S1_C360-Hardening_0001_Referrals List view should have the “New” button removed,NeverRun,1,M3- FL WINS - UAT Test Plan/DOE - UAT 1/Priority 2 - C360/10563: C360- Referrals List view should have the “New” button removed,,,
M3- FL WINS - UAT Test Plan,11411,UAT- Hardening_Cust360,Passed,1,M3- FL WINS - UAT Test Plan/Commerce - UAT 1/Priority 3 - C360/10564: C360- Rename section on Person Account layout to “Financial”,,,
M3- FL WINS - UAT Test Plan,11756,US11124_TC_M3_S1_REQ-C360_Hardening_0001_Cust360_Daily Authenticated Login Report Navigation (Admin View),NeverRun,1,M3- FL WINS - UAT Test Plan/DOE - UAT 1/Priority 2 - C360/11124: C360- Customer Portal - Daily Authenticated Verified Users Login Report,,,
M3- FL WINS - UAT Test Plan,11757,US11124_TC_M3_S1_REQ-C360: Hardening_0002_Cust360_Customer Portal Login,NeverRun,1,M3- FL WINS - UAT Test Plan/DOE - UAT 1/Priority 2 - C360/11124: C360- Customer Portal - Daily Authenticated Verified Users Login Report,,,
M3- FL WINS - UAT Test Plan,11758,US11124_TC_M3_S1_REQ-C360: Hardening_0003_Cust360_Daily Authenticated Login Report (Admin View),NeverRun,1,M3- FL WINS - UAT Test Plan/DOE - UAT 1/Priority 2 - C360/11124: C360- Customer Portal - Daily Authenticated Verified Users Login Report,,,
M3- FL WINS - UAT Test Plan,11469,US11100_TC_M3_S1_REQ-NF-383_0001_Cust360_Unauth Service Match Report With Single Goal Through Admin,NeverRun,1,M3- FL WINS - UAT Test Plan/Commerce - UAT 1/Priority 3 - C360/11100: C360- Service Match Analytics Report,,,
M3- FL WINS - UAT Test Plan,11470,US11100_TC_M3_S1_REQ-NF-383_0002_Cust360_Auth Service Match Report With Multiple Goals With Same Need,NeverRun,1,M3- FL WINS - UAT Test Plan/Commerce - UAT 1/Priority 3 - C360/11100: C360- Service Match Analytics Report,,,
M3- FL WINS - UAT Test Plan,11598,US11061_TC_M3_S1_REQ-P-74_0001_My Registration Intakes -Confirmation Email to Agency,NeverRun,1,M3- FL WINS - UAT Test Plan/DOE - UAT 1/Priority 1- Portal/11061:P-AC-My Registration Intakes -Confirmation Email to Agency,,,
M3- FL WINS - UAT Test Plan,11602,US1892_TC_M3_S1_REQ-C360-01_0001_ First Time Login New Case Worker,NeverRun,1,M3- FL WINS - UAT Test Plan/Commerce - UAT 1/Priority 3 - C360/1892: Commerce- C360- SSO for B2B case worker,,,
M3- FL WINS - UAT Test Plan,11658,US1892_TC_M3_S1_REQ-C360-01_0002_Second and Subsequent Logins,NeverRun,1,M3- FL WINS - UAT Test Plan/Commerce - UAT 1/Priority 3 - C360/1892: Commerce- C360- SSO for B2B case worker,,,
M3- FL WINS - UAT Test Plan,11659,US1892_TC_M3_S1_REQ-C360-01_0003_Invalid Login Account Not Synced/Deprovisioned (Commerce ID Email),NeverRun,1,M3- FL WINS - UAT Test Plan/Commerce - UAT 1/Priority 3 - C360/1892: Commerce- C360- SSO for B2B case worker,,,
M3- FL WINS - UAT Test Plan,11656,US11125_TC_M3_S1_REQ-NF-381_0002_C360 Unique Daily Case Worker Logins Report (Admin View),NeverRun,1,M3- FL WINS - UAT Test Plan/DOE - UAT 1/Priority 2 - C360/11125: C360 – Internal User Login by Day,,,
M3- FL WINS - UAT Test Plan,11657,US11125_TC_M3_S1_REQ-NF-381_0001_C360 Case Worker Login to C360,NeverRun,1,M3- FL WINS - UAT Test Plan/DOE - UAT 1/Priority 2 - C360/11125: C360 – Internal User Login by Day,,,
M3- FL WINS - UAT Test Plan,11621,US1946_TC_M3_S1_REQ74_0001_Upload_Intake_Form_In Progress Tab,NeverRun,1,M3- FL WINS - UAT Test Plan/DOE - UAT 1/Priority 1- Portal/1946: P-AC-My Registration Intakes - Upload Registration Intake Form,,,
M3- FL WINS - UAT Test Plan,11622,US1946_TC_M3_S1_REQ74_0002_Upload_Intake_Form_Submitted Tab,NeverRun,1,M3- FL WINS - UAT Test Plan/DOE - UAT 1/Priority 1- Portal/1946: P-AC-My Registration Intakes - Upload Registration Intake Form,,,
M3- FL WINS - UAT Test Plan,11623,US1946_TC_M3_S1_REQ74_0003_Cancel_Button_In_Progress and Submitted Tab,NeverRun,1,M3- FL WINS - UAT Test Plan/DOE - UAT 1/Priority 1- Portal/1946: P-AC-My Registration Intakes - Upload Registration Intake Form,,,
M3- FL WINS - UAT Test Plan,11624,US1946_TC_M3_S1_REQ74_0004_Form_Size(Greater than 5 mb)_In_Progress and Submitted Tab,NeverRun,1,M3- FL WINS - UAT Test Plan/DOE - UAT 1/Priority 1- Portal/1946: P-AC-My Registration Intakes - Upload Registration Intake Form,,,
M3- FL WINS - UAT Test Plan,11625,US1946_TC_M3_S1_REQ74_0005_Invalid_Form_Format_In_Progress and Submitted Tab,NeverRun,1,M3- FL WINS - UAT Test Plan/DOE - UAT 1/Priority 1- Portal/1946: P-AC-My Registration Intakes - Upload Registration Intake Form,,,
M3- FL WINS - UAT Test Plan,11709,US11085_TC_M3_S1_C360-REQ-NF-383_0001- Referral Tracking Report,NeverRun,1,M3- FL WINS - UAT Test Plan/DOE - UAT 1/Priority 2 - C360/11085: C360- Referral Tracking Report,,,
M3- FL WINS - UAT Test Plan,11754,US11085_TC_M3_S1_C360-REQ-NF-383_0002- Referral Tracking Report,NeverRun,1,M3- FL WINS - UAT Test Plan/DOE - UAT 1/Priority 2 - C360/11085: C360- Referral Tracking Report,,,
M3- FL WINS - UAT Test Plan,11745,US10993_TC_M3_S1_REQ-NF-3838_0001_C360- Customer Portal Dashboard,Passed,1,M3- FL WINS - UAT Test Plan/Commerce - UAT 1/Priority 3 - C360/10993: C360- Customer Portal Dashboard,,,
M3- FL WINS - UAT Test Plan,11746,US10993_TC_M3_S1_REQ-NF-3838_0002_C360- Customer Portal Dashboard,Passed,1,M3- FL WINS - UAT Test Plan/Commerce - UAT 1/Priority 3 - C360/10993: C360- Customer Portal Dashboard,,,
M3- FL WINS - UAT Test Plan,11899,US11613_TC_M3_S3_REQP-_0001_P-AC-My Registration Intakes - Customer Confirmation Email - Spanish,NeverRun,1,M3- FL WINS - UAT Test Plan/Commerce - UAT 1/Priority 4 - Translations/11613: P-AC-My Registration Intakes - Customer Confirmation Email - Translations,,,
M3- FL WINS - UAT Test Plan,11900,US11613_TC_M3_S3_REQP-_0002_P-AC-My Registration Intakes - Customer Confirmation Email - Haitian Creole,NeverRun,1,M3- FL WINS - UAT Test Plan/Commerce - UAT 1/Priority 4 - Translations/11613: P-AC-My Registration Intakes - Customer Confirmation Email - Translations,,,
M3- FL WINS - UAT Test Plan,11924,US8314_TC_M3_S2_REQP-80_0001_AC_EditProfile_formatting of DOB field.,Passed,1,M3- FL WINS - UAT Test Plan/Commerce - UAT 1/Priority 1-Portal/8314: Commerce - AC - ID.me - Suggestion for Special Characters,,,
M3- FL WINS - UAT Test Plan,11926,US8238_TC_M3_S2_REQP-Registration Intake (Common) Form_0001_AC_In Progress Time Stamp,NeverRun,1,M3- FL WINS - UAT Test Plan/DOE - UAT 1/Priority 1- Portal/8238: UAT - Exploratory - Time stamp for last modified field,,,
M3- FL WINS - UAT Test Plan,11927,US8238_TC_M3_S2_REQP-Registration Intake (Common) Form_0002_AC_Submitted Time Stamp,NeverRun,1,M3- FL WINS - UAT Test Plan/DOE - UAT 1/Priority 1- Portal/8238: UAT - Exploratory - Time stamp for last modified field,,,
M3- FL WINS - UAT Test Plan,11943,US11886_TC_M3_S2_REQP-74_0001_AC_Email For Registration Upload- VR,Passed,1,M3- FL WINS - UAT Test Plan/DOE - UAT 1/Priority 1- Portal/11886: P-AC-My Registration Intakes - Customer Confirmation Email - S2 Text Updates,,,
M3- FL WINS - UAT Test Plan,11945,US11914_TC_M3_S2_REQ-C360-13_0001_AC_updates on step2 of Contact section.,NeverRun,1,M3- FL WINS - UAT Test Plan/Commerce - UAT 1/Priority 3 - C360/11914 - P-AC-Reemployment Assistance PEGA Integration Confirmation Screen - Text Updates,,,
M3- FL WINS - UAT Test Plan,11952,"US10466_TC_M3_S2_REQP-83_0001_UAC_Navigation_to _""How will we use your information?"" link.",Failed,1,M3- FL WINS - UAT Test Plan/Commerce - UAT 1/Priority 1-Portal/10466- P - UAC - FL WINS Information Usage Page Text Update,,,
M3- FL WINS - UAT Test Plan,11953,"US10466_TC_M3_S2_REQP-83_0002_UAC_Navigation to the new page ""FL WINS Privacy Statement and Consent to Data Sharing"".",Failed,1,M3- FL WINS - UAT Test Plan/Commerce - UAT 1/Priority 1-Portal/10466- P - UAC - FL WINS Information Usage Page Text Update,,,
M3- FL WINS - UAT Test Plan,11955,US8307_TC_M3_S2_REQP-92_0001_AC_Notification Bell Read and Unread,NeverRun,1,M3- FL WINS - UAT Test Plan/DOE - UAT 1/Priority 2 - C360/8307: P-AC - Bell notification review request for potential future feature enhancement in upcoming milestone,,,
M3- FL WINS - UAT Test Plan,11981,US10909_M3_S2_REQ-C360-13_0001_C360 - Add VR as a selection to Submit Referral flow,NeverRun,1,M3- FL WINS - UAT Test Plan/DOE - UAT 1/Priority 2 - C360/10909: C360 - Add VR as a selection to Submit Referral flow,,,
M3- FL WINS - UAT Test Plan,12028,US8356_M3_S2_REQ-P-80-C360-13_0001_UAT - Update Edit Profile Finish Confirmation Message,Passed,1,M3- FL WINS - UAT Test Plan/Commerce - UAT 1/Priority 1-Portal/8356: UAT - Update Edit Profile Finish Confirmation Message,,,
M3- FL WINS - UAT Test Plan,12029,US8326_TC_M3_S2_REQ-P-30_UAT Exploratory_0001 - Profile blocked when trying to open in new tab,Passed,1,M3- FL WINS - UAT Test Plan/Commerce - UAT 1/Priority 1-Portal/8326: UAT Exploratory - Profile blocked when trying to open in new tab,,,
M3- FL WINS - UAT Test Plan,12032,US8405_TC_M3_S2_UAT - exploratory alignment on landing page,Passed,1,M3- FL WINS - UAT Test Plan/Commerce - UAT 1/Priority 1-Portal/8405: UAT - exploratory alignment on landing page,,,
M3- FL WINS - UAT Test Plan,12043,US11018_M3_S2_REQ-DS-29: _0001_IAM - PEGA SSO via Entra for B2C,Passed,1,M3- FL WINS - UAT Test Plan/Commerce - UAT 1/Priority 1-Portal/11018: IAM - PEGA SSO via Entra for B2C,,,
M3- FL WINS - UAT Test Plan,12064,US11884_TC_M3_S2_REQP-44_0001_AC_Download PDF version of VR program,NeverRun,1,M3- FL WINS - UAT Test Plan/DOE - UAT 1/Priority 1- Portal/11884:P-UAC/AC- Downloadable PDF Registration (Common) Intake Form- S2 Text Updates,,,
M3- FL WINS - UAT Test Plan,12065,US11884_TC_M3_S2_REQP-44_0002_UAC_Download PDF version of VR program.,NeverRun,1,M3- FL WINS - UAT Test Plan/DOE - UAT 1/Priority 1- Portal/11884:P-UAC/AC- Downloadable PDF Registration (Common) Intake Form- S2 Text Updates,,,
M3- FL WINS - UAT Test Plan,13846,US11184_M3_S2_REQ-P-18: _0001_P- AC/UAC- Site Outage Page on Customer Portal During Scheduled Downtime - English Only,Blocked,1,M3- FL WINS - UAT Test Plan/UAT 2/11184: P- AC/UAC- Site Outage Page on Customer Portal During Scheduled Downtime - English Only,,,
M3- FL WINS - UAT Test Plan,13872,US11185_M3_S2_REQ-P-18: _0001_P- AC- Advance Notification of Scheduled Site Outages with Multilingual Support,NeverRun,1,M3- FL WINS - UAT Test Plan/UAT 2/11185: P- AC- Advance Notification of Scheduled Site Outages with Multilingual Support,,,
M3- FL WINS - UAT Test Plan,14000,US11612_TC_M3_S3_REQP-1465_0001_AC_CustPortal_Registation Intake Confirmation Screen_Spanish,NeverRun,1,M3- FL WINS - UAT Test Plan/UAT 2/11612: P-AC-VR Specific Registration Intake Confirmation Screen - Translations,,,
M3- FL WINS - UAT Test Plan,14001,US11612_TC_M3_S2_REQP-1465_0002_AC_CustPortal_Registation Intake Confirmation Screen_Creole,NeverRun,1,M3- FL WINS - UAT Test Plan/UAT 2/11612: P-AC-VR Specific Registration Intake Confirmation Screen - Translations,,,
M3- FL WINS - UAT Test Plan,14083,US11888_TC_M3_S3_REQP-7927_0001_AC_CustPortal_Accessibility Statement Page,Passed,1,M3- FL WINS - UAT Test Plan/DOE - UAT 1/Priority 1- Portal/11888: P-UAC/AC - Accessibility Statement Page,,,
M3- FL WINS - UAT Test Plan,14084,US11888_TC_M3_S3_REQP-7927_0002_UAC_CustPortal_Accessibility Statement Page,NeverRun,1,M3- FL WINS - UAT Test Plan/DOE - UAT 1/Priority 1- Portal/11888: P-UAC/AC - Accessibility Statement Page,,,
M3- FL WINS - UAT Test Plan,14085,US11888_TC_M3_S3_REQP-7927_0003_AC_CustPortal_Accessibility Statement Page - Spanish,Passed,1,M3- FL WINS - UAT Test Plan/DOE - UAT 1/Priority 1- Portal/11888: P-UAC/AC - Accessibility Statement Page,,,
M3- FL WINS - UAT Test Plan,14086,US11888_TC_M3_S3_REQP-7927_0004_UAC_CustPortal_Accessibility Statement Page - Spanish,NeverRun,1,M3- FL WINS - UAT Test Plan/DOE - UAT 1/Priority 1- Portal/11888: P-UAC/AC - Accessibility Statement Page,,,
M3- FL WINS - UAT Test Plan,14087,US11888_TC_M3_S3_REQP-7927_0005_AC_CustPortal_Accessibility Statement Page - Creole,Passed,1,M3- FL WINS - UAT Test Plan/DOE - UAT 1/Priority 1- Portal/11888: P-UAC/AC - Accessibility Statement Page,,,
M3- FL WINS - UAT Test Plan,14088,US11888_TC_M3_S3_REQP-7927_0006_UAC_CustPortal_Accessibility Statement Page - Creole,NeverRun,1,M3- FL WINS - UAT Test Plan/DOE - UAT 1/Priority 1- Portal/11888: P-UAC/AC - Accessibility Statement Page,,,
M3- FL WINS - UAT Test Plan,14011,US11889_TC_M3_S3_REQP-7927_0001_AC_CustPortal_Legal Statement Page,Passed,1,M3- FL WINS - UAT Test Plan/Commerce - UAT 1/Priority 1-Portal/11889: P-UAC/AC - Legal Statement Page,,,
M3- FL WINS - UAT Test Plan,14012,US11889_TC_M3_S3_REQP-7927_0002_UAC_CustPortal_Legal Statement Page,Passed,1,M3- FL WINS - UAT Test Plan/Commerce - UAT 1/Priority 1-Portal/11889: P-UAC/AC - Legal Statement Page,,,
M3- FL WINS - UAT Test Plan,14092,US11889_TC_M3_S3_REQP-7927_0003_AC_CustPortal_Legal Statement Page - Spanish,Passed,1,M3- FL WINS - UAT Test Plan/Commerce - UAT 1/Priority 1-Portal/11889: P-UAC/AC - Legal Statement Page,,,
M3- FL WINS - UAT Test Plan,14093,US11889_TC_M3_S3_REQP-7927_0004_UAC_CustPortal_Legal Statement Page - Spanish,Passed,1,M3- FL WINS - UAT Test Plan/Commerce - UAT 1/Priority 1-Portal/11889: P-UAC/AC - Legal Statement Page,,,
M3- FL WINS - UAT Test Plan,14094,US11889_TC_M3_S3_REQP-7927_0005_AC_CustPortal_Legal Statement Page - Creole,Passed,1,M3- FL WINS - UAT Test Plan/Commerce - UAT 1/Priority 1-Portal/11889: P-UAC/AC - Legal Statement Page,,,
M3- FL WINS - UAT Test Plan,14095,US11889_TC_M3_S3_REQP-7927_0006_UAC_CustPortal_Legal Statement Page - Creole,Passed,1,M3- FL WINS - UAT Test Plan/Commerce - UAT 1/Priority 1-Portal/11889: P-UAC/AC - Legal Statement Page,,,
M3- FL WINS - UAT Test Plan,13991,US13782_TC_M3_S3_REQP-18_0001_AC_CustomerPortal_Auth User Image Check,NeverRun,1,M3- FL WINS - UAT Test Plan/DOE - UAT 1/Priority 1- Portal/13782: P- AC/UAC- Site Outage Page on Customer Portal During Scheduled Downtime - add IMAGE ONLY,,,
M3- FL WINS - UAT Test Plan,13992,US13782_TC_M3_S3_REQP-18_0002_UAC_CustomerPortal_Unauth User Image Check,NeverRun,1,M3- FL WINS - UAT Test Plan/DOE - UAT 1/Priority 1- Portal/13782: P- AC/UAC- Site Outage Page on Customer Portal During Scheduled Downtime - add IMAGE ONLY,,,
M3- FL WINS - UAT Test Plan,14005,US11827_TC_M3_S3_REQP-78_0001_UAC_Update Portal Homepage Tab Name,NeverRun,1,M3- FL WINS - UAT Test Plan/Commerce - UAT 1/Priority 1-Portal/11827: P - AC/UAC - Update Portal Homepage Tab Name,,,
M3- FL WINS - UAT Test Plan,14006,US11827_TC_M3_S3_REQP-78_0002_AC_Update Portal Homepage Tab Name,NeverRun,1,M3- FL WINS - UAT Test Plan/Commerce - UAT 1/Priority 1-Portal/11827: P - AC/UAC - Update Portal Homepage Tab Name,,,
M3- FL WINS - UAT Test Plan,14037,US11911_TC_M3_S3_C360 - Hardening_0001_Cust360_Admin Check,Passed,1,M3- FL WINS - UAT Test Plan/DOE - UAT 1/Priority 2 - C360/11911: Track Paper Intake Upload Time for Reporting - Portal,,,
M3- FL WINS - UAT Test Plan,14038,US11911_TC_M3_S3_C360 - Hardening_0002_Cust360_Case Worker Check,Passed,1,M3- FL WINS - UAT Test Plan/DOE - UAT 1/Priority 2 - C360/11911: Track Paper Intake Upload Time for Reporting - Portal,,,
M3- FL WINS - UAT Test Plan,14040,US11982_TC_M3_S3_0001_UAT -My Registration Intake tables - Default sort and add new column,NeverRun,1,M3- FL WINS - UAT Test Plan/DOE - UAT 1/Priority 1- Portal/11982: DOE- UAT -My Registration Intake tables - Default sort and add new column,,,
M3- FL WINS - UAT Test Plan,14047,US11651_M3_S3_REQP-18 _0001_P- UAC-Site Outage Page on Customer Portal During Scheduled Downtime - Translations,NeverRun,1,M3- FL WINS - UAT Test Plan/Commerce - UAT 1/Priority 4 - Translations/11651: P- AC/UAC- Site Outage Page on Customer Portal During Scheduled Downtime - Translations,,,
M3- FL WINS - UAT Test Plan,14089,US12000_TC_M3_S3_REQP-8403_0001_AC_Spanish Translation on My Registration Intakes page,NeverRun,1,M3- FL WINS - UAT Test Plan/Commerce - UAT 1/Priority 4 - Translations/12000: Translation Parent Story - My Registration Intake,,,
M3- FL WINS - UAT Test Plan,14090,US12000_TC_M3_S3_REQP-8403_0002_AC_Haitian Creole Translation on My Registration Intakes page,NeverRun,1,M3- FL WINS - UAT Test Plan/Commerce - UAT 1/Priority 4 - Translations/12000: Translation Parent Story - My Registration Intake,,,
M3- FL WINS - UAT Test Plan,14266,US12001_TC_M3_S3_REQP-8403_0001_AC_Spanish Translation on My Profile page,NeverRun,1,M3- FL WINS - UAT Test Plan/Translations/12001: Translation Parent Story - MyProfile,,,
M3- FL WINS - UAT Test Plan,14267,US12001_TC_M3_S3_REQP-8403_0002_AC_Haitian Creole Translation on My Profile page,NeverRun,1,M3- FL WINS - UAT Test Plan/Translations/12001: Translation Parent Story - MyProfile,,,
M3- FL WINS - UAT Test Plan,14269,US12010_TC_M3_S3_REQP-8403_0001_AC_ Haitian Creole Translation on Deactivate Account Page.,NeverRun,1,M3- FL WINS - UAT Test Plan/Translations/12010: Translation Parent Story - Deactivate Account,,,
M3- FL WINS - UAT Test Plan,14098,US14048_TC_M3_S3_REQP-74_0002_AC_CustPortal_Reemployment Assistance,NeverRun,1,M3- FL WINS - UAT Test Plan/Commerce - UAT 1/Priority 1-Portal/14048: RA - P - AC - Add Relevant Program Card to Registration Intake,,,
M3- FL WINS - UAT Test Plan,14100,US14048_TC_M3_S3_REQP-74_0004_AC_CustPortal_Reemployment Assistance Save For Later,NeverRun,1,M3- FL WINS - UAT Test Plan/Commerce - UAT 1/Priority 1-Portal/14048: RA - P - AC - Add Relevant Program Card to Registration Intake,,,
M3- FL WINS - UAT Test Plan,14112,US11985_TC_M3_S3_REQ-C360-13_0001_AC_Spanish Translation_Updates on Step2 of the Contact section.,NeverRun,1,M3- FL WINS - UAT Test Plan/Commerce - UAT 1/Priority 4 - Translations/11985: P-AC-Reemployment Assistance PEGA Integration Confirmation Screen - Translations (Spanish),,,
M3- FL WINS - UAT Test Plan,14118,US13800_TC_M3_S3_8403_0001_Spanish Translation on TCA_services.,NeverRun,1,M3- FL WINS - UAT Test Plan/Translations/13800: Translation Parent Story - Services - Temporary Cash Assistance (TCA),,,
M3- FL WINS - UAT Test Plan,14119,US13800_TC_M3_S3_8403_0002_Creole Translation on TCA_services.,NeverRun,1,M3- FL WINS - UAT Test Plan/Translations/13800: Translation Parent Story - Services - Temporary Cash Assistance (TCA),,,
M3- FL WINS - UAT Test Plan,14121,US14051_M3_S3_C360-Hardening: _0001_P-C-Revert Service Detail Needs Addressed tags,NeverRun,1,M3- FL WINS - UAT Test Plan/DOE - UAT 1/Priority 1- Portal/14051: P-C-Revert Service Detail Needs Addressed tags,,,
M3- FL WINS - UAT Test Plan,14153,US13811_TC_M3_S3_8403_0001_Spanish Translation on SNAP E&T_services.,Passed,1,M3- FL WINS - UAT Test Plan/Commerce - UAT 1/Priority 4 - Translations/13811: Translation Parent Story - Services - SNAP Employment and Training,,,
M3- FL WINS - UAT Test Plan,14154,US13811_TC_M3_S3_8403_0002_Creole Translation on SNAP E&T_services.,Passed,1,M3- FL WINS - UAT Test Plan/Commerce - UAT 1/Priority 4 - Translations/13811: Translation Parent Story - Services - SNAP Employment and Training,,,
M3- FL WINS - UAT Test Plan,14127,US12006_TC_M3_S3_8403_0001_AC_Spanish Translation on Service Catalog page.,NeverRun,1,M3- FL WINS - UAT Test Plan/Translations/12006: Translation Parent Story - Service Catalog Search,,,
M3- FL WINS - UAT Test Plan,14130,US12006_TC_M3_S3_8403_0002_AC_Creole Translation on Service Catalog page.,NeverRun,1,M3- FL WINS - UAT Test Plan/Translations/12006: Translation Parent Story - Service Catalog Search,,,
M3- FL WINS - UAT Test Plan,14156,US13816_TC_M3_S3_8403_0001_AC_Spanish Translation on Trade adjustment assistance.,NeverRun,1,M3- FL WINS - UAT Test Plan/Commerce - UAT 1/Priority 4 - Translations/13816: Translation Parent Story - Services - Trade Adjustment Assistance (TAA),,,
M3- FL WINS - UAT Test Plan,14157,US13816_TC_M3_S3_8403_0002_AC_Creole Translation on Trade adjustment assistance.,NeverRun,1,M3- FL WINS - UAT Test Plan/Commerce - UAT 1/Priority 4 - Translations/13816: Translation Parent Story - Services - Trade Adjustment Assistance (TAA),,,
M3- FL WINS - UAT Test Plan,14159,US13812_TC_M3_S3_8403_0001_Spanish Translation on Welfare Transition (TANF)_services.,NeverRun,1,M3- FL WINS - UAT Test Plan/Commerce - UAT 1/Priority 4 - Translations/13812: Translation Parent Story - Services - Welfare Transition (TANF),,,
M3- FL WINS - UAT Test Plan,14160,US13812_TC_M3_S3_8403_0002_Creole Translation on Welfare Transition (TANF)_services.,NeverRun,1,M3- FL WINS - UAT Test Plan/Commerce - UAT 1/Priority 4 - Translations/13812: Translation Parent Story - Services - Welfare Transition (TANF),,,
M3- FL WINS - UAT Test Plan,16513,TC_M3_REQ-P-22_0001_UAC_Accessibility Testing Customer Portal- Home Page,NeverRun,1,M3- FL WINS - UAT Test Plan/DOE - UAT 1/Accessibility Testing,,,
M3- FL WINS - UAT Test Plan,16514,TC_M3_REQ-P-22_0002_UAC_Accessibility Testing Customer Portal- Service Catalog Page and Program Details Page,NeverRun,1,M3- FL WINS - UAT Test Plan/DOE - UAT 1/Accessibility Testing,,,
M3- FL WINS - UAT Test Plan,16515,TC_M3_REQ-P-22_0003_UAC_Accessibility Testing Customer Portal- Service Match Pages,NeverRun,1,M3- FL WINS - UAT Test Plan/DOE - UAT 1/Accessibility Testing,,,
M3- FL WINS - UAT Test Plan,16516,TC_M3_REQ-P-22_0004_UAC_Accessibility Testing Customer Portal-Partner Pages,NeverRun,1,M3- FL WINS - UAT Test Plan/DOE - UAT 1/Accessibility Testing,,,
M3- FL WINS - UAT Test Plan,16517,TC_M3_REQ-P-22_0005_AC_Accessibility Testing Customer Portal- Home Page,NeverRun,1,M3- FL WINS - UAT Test Plan/DOE - UAT 1/Accessibility Testing,,,
M3- FL WINS - UAT Test Plan,16518,TC_M3_REQ-P-22_0006_AC_Accessibility Testing Customer Portal-Profile Pages,NeverRun,1,M3- FL WINS - UAT Test Plan/DOE - UAT 1/Accessibility Testing,,,
M3- FL WINS - UAT Test Plan,16519,TC_M3_REQ-P-22_0007_AC_Accessibility Testing Customer Portal-Intake Pages,NeverRun,1,M3- FL WINS - UAT Test Plan/DOE - UAT 1/Accessibility Testing,,,
M3- FL WINS - UAT Test Plan,16520,TC_M3_REQ-P-22_0008_AC_Accessibility Testing Customer Portal- My Registration Intake Pages,NeverRun,1,M3- FL WINS - UAT Test Plan/DOE - UAT 1/Accessibility Testing,,,
M3- FL WINS - UAT Test Plan,16521,TC_M3_REQ-P-22_0009_AC_Accessibility Testing Customer Portal- My Documents Page,NeverRun,1,M3- FL WINS - UAT Test Plan/DOE - UAT 1/Accessibility Testing,,,
M3- FL WINS - UAT Test Plan,16522,TC_M3_REQ-P-22_0010_AC_Accessibility Testing Customer 360_Accounts Page,NeverRun,1,M3- FL WINS - UAT Test Plan/DOE - UAT 1/Accessibility Testing,,,
M3- FL WINS - UAT Test Plan,16523,TC_M3_REQ-P-22_0011_AC_Accessibility Testing Customer 360_Dropdown Pages,NeverRun,1,M3- FL WINS - UAT Test Plan/DOE - UAT 1/Accessibility Testing,,,
M3- FL WINS - UAT Test Plan,16524,TC_M3_REQ-P-22_0012_AC_Accessibility Testing Customer 360_DocuSign Page,NeverRun,1,M3- FL WINS - UAT Test Plan/DOE - UAT 1/Accessibility Testing,,,
M3- FL WINS - UAT Test Plan,16525,TC_M3_REQ-P-22_0013_AC_Accessibility Testing Customer Portal- Create Account  Page,NeverRun,1,M3- FL WINS - UAT Test Plan/DOE - UAT 1/Accessibility Testing,,,
M3- FL WINS - UAT Test Plan,14229,US12009_TC_M3_S3_REQP-8403_0001_AC_CustPortal_Sorting Documents [English],NeverRun,1,"M3- FL WINS - UAT Test Plan/Translations/12009: P-AC- My Documents LWC (English, Spanish, Creole)",,,
M3- FL WINS - UAT Test Plan,14230,US12009_TC_M3_S3_REQP-8403_0002_AC_CustPortal_Sorting Documents [Spanish],NeverRun,1,"M3- FL WINS - UAT Test Plan/Translations/12009: P-AC- My Documents LWC (English, Spanish, Creole)",,,
M3- FL WINS - UAT Test Plan,14231,US12009_TC_M3_S3_REQP-8403_0003_AC_CustPortal_Sorting Documents [Creole],NeverRun,1,"M3- FL WINS - UAT Test Plan/Translations/12009: P-AC- My Documents LWC (English, Spanish, Creole)",,,
M3- FL WINS - UAT Test Plan,14232,US12009_TC_M3_S3_REQP-8403_0004_AC_CustPortal_Uploading Documents [English],NeverRun,1,"M3- FL WINS - UAT Test Plan/Translations/12009: P-AC- My Documents LWC (English, Spanish, Creole)",,,
M3- FL WINS - UAT Test Plan,14233,US12009_TC_M3_S3_REQP-8403_0005_AC_CustPortal_Uploading Documents [Spanish],NeverRun,1,"M3- FL WINS - UAT Test Plan/Translations/12009: P-AC- My Documents LWC (English, Spanish, Creole)",,,
M3- FL WINS - UAT Test Plan,14234,US12009_TC_M3_S3_REQP-8403_0006_AC_CustPortal_Uploading Documents [Creole],NeverRun,1,"M3- FL WINS - UAT Test Plan/Translations/12009: P-AC- My Documents LWC (English, Spanish, Creole)",,,
M3- FL WINS - UAT Test Plan,14235,US12009_TC_M3_S3_REQP-8403_0007_AC_CustPortal_Previewing Documents [English],NeverRun,1,"M3- FL WINS - UAT Test Plan/Translations/12009: P-AC- My Documents LWC (English, Spanish, Creole)",,,
M3- FL WINS - UAT Test Plan,14236,US12009_TC_M3_S3_REQP-8403_0008_AC_CustPortal_Previewing Documents [Spanish],NeverRun,1,"M3- FL WINS - UAT Test Plan/Translations/12009: P-AC- My Documents LWC (English, Spanish, Creole)",,,
M3- FL WINS - UAT Test Plan,14237,US12009_TC_M3_S3_REQP-8403_0009_AC_CustPortal_Previewing Documents [Creole],NeverRun,1,"M3- FL WINS - UAT Test Plan/Translations/12009: P-AC- My Documents LWC (English, Spanish, Creole)",,,
M3- FL WINS - UAT Test Plan,14238,US12009_TC_M3_S3_REQP-8403_0010_AC_CustPortal_Downloading & Deleting Documents [English],NeverRun,1,"M3- FL WINS - UAT Test Plan/Translations/12009: P-AC- My Documents LWC (English, Spanish, Creole)",,,
M3- FL WINS - UAT Test Plan,14239,US12009_TC_M3_S3_REQP-8403_0011_AC_CustPortal_Downloading & Deleting Documents [Spanish],NeverRun,1,"M3- FL WINS - UAT Test Plan/Translations/12009: P-AC- My Documents LWC (English, Spanish, Creole)",,,
M3- FL WINS - UAT Test Plan,14240,US12009_TC_M3_S3_REQP-8403_0012_AC_CustPortal_Downloading & Deleting Documents [Creole],NeverRun,1,"M3- FL WINS - UAT Test Plan/Translations/12009: P-AC- My Documents LWC (English, Spanish, Creole)",,,
M3- FL WINS - UAT Test Plan,14169,US11615_TC_M3_S3_REQ-C360-13_0001_AC_Creole Translation_Updates on Step2 of the Contact section.,Passed,1,M3- FL WINS - UAT Test Plan/Commerce - UAT 1/Priority 4 - Translations/11615:P-AC-Reemployment Assistance PEGA Integration Confirmation Screen - Translations (Creole),,,
M3- FL WINS - UAT Test Plan,14252,US13847_TC_M3_S3_REQP-77_0001_AC_CustPortal_VRMatchFound_Pull WPA For Blank Profile Fields,NeverRun,1,M3- FL WINS - UAT Test Plan/UAT 2/M3- Finalizations/DOE- Finalizations/13847: P-AC- Prepopulation of Referral Intake,,,
M3- FL WINS - UAT Test Plan,14253,US13847_TC_M3_S3_REQP-77_0002_AC_CustPortal_VRMatchFound_Profile Preference,NeverRun,1,M3- FL WINS - UAT Test Plan/UAT 2/M3- Finalizations/DOE- Finalizations/13847: P-AC- Prepopulation of Referral Intake,,,
M3- FL WINS - UAT Test Plan,14254,US13847_TC_M3_S3_REQP-77_0003_AC_CustPortal_Regression_No Impact On RA,NeverRun,1,M3- FL WINS - UAT Test Plan/UAT 2/M3- Finalizations/DOE- Finalizations/13847: P-AC- Prepopulation of Referral Intake,,,
M3- FL WINS - UAT Test Plan,14255,US13847_TC_M3_S3_REQP-77_0004_AC_CustPortal_No Match VR,NeverRun,1,M3- FL WINS - UAT Test Plan/UAT 2/M3- Finalizations/DOE- Finalizations/13847: P-AC- Prepopulation of Referral Intake,,,
M3- FL WINS - UAT Test Plan,14256,US13847_TC_M3_S3_REQP-77_0005_AC_CustPortal_VRMatchFound_Address Check,NeverRun,1,M3- FL WINS - UAT Test Plan/UAT 2/M3- Finalizations/DOE- Finalizations/13847: P-AC- Prepopulation of Referral Intake,,,
M3- FL WINS - UAT Test Plan,14257,US13847_TC_M3_S3_REQP-77_0006_C360_Regression_VR Referral Profile Blank,NeverRun,1,M3- FL WINS - UAT Test Plan/UAT 2/M3- Finalizations/DOE- Finalizations/13847: P-AC- Prepopulation of Referral Intake,,,
M3- FL WINS - UAT Test Plan,14258,US13847_TC_M3_S3_REQP-77_0007_C360_Regression_VR Referral Profile Filled,NeverRun,1,M3- FL WINS - UAT Test Plan/UAT 2/M3- Finalizations/DOE- Finalizations/13847: P-AC- Prepopulation of Referral Intake,,,
M3- FL WINS - UAT Test Plan,14259,US13847_TC_M3_S3_REQP-77_0008_C360_Regression_No Impact On RA Referral With Blank Profile,NeverRun,1,M3- FL WINS - UAT Test Plan/UAT 2/M3- Finalizations/DOE- Finalizations/13847: P-AC- Prepopulation of Referral Intake,,,
M3- FL WINS - UAT Test Plan,14260,US13847_TC_M3_S3_REQP-77_0009_C360_Regression_No Impact On RA Referral With Filled Profile,NeverRun,1,M3- FL WINS - UAT Test Plan/UAT 2/M3- Finalizations/DOE- Finalizations/13847: P-AC- Prepopulation of Referral Intake,,,
M3- FL WINS - UAT Test Plan,15879,US13847_TC_M3_S3_REQP-77_0010_AC_CustPortal_VRMatchFound_Third Party Submission,NeverRun,1,M3- FL WINS - UAT Test Plan/UAT 2/M3- Finalizations/DOE- Finalizations/13847: P-AC- Prepopulation of Referral Intake,,,
M3- FL WINS - UAT Test Plan,14186,US11998_TC_M3_S3_REQP-28_0001_AC_Haitian Creole Translation on Partners > Florida Dept of Education,NeverRun,1,M3- FL WINS - UAT Test Plan/Translations/11998 : Translation Parent Story - Partner - DOE,,,
M3- FL WINS - UAT Test Plan,14195,US11998_TC_M3_S3_REQP-28_0002_AC_Spanish Translation on Partners > Florida Dept of Education,NeverRun,1,M3- FL WINS - UAT Test Plan/Translations/11998 : Translation Parent Story - Partner - DOE,,,
M3- FL WINS - UAT Test Plan,14222,US13821_TC_M3_S3_REQP-28_0001_UAC_Spanish Translation on Partners > FL Dept of Children and Families,NeverRun,1,M3- FL WINS - UAT Test Plan/Commerce - UAT 1/Priority 4 - Translations/13821 : Translation Parent Story - Partner - DCF,,,
M3- FL WINS - UAT Test Plan,14223,US13821_TC_M3_S3_REQP-28_0002_UAC_Haitian Creole Translation on Partners > FL Dept of Children and Families,NeverRun,1,M3- FL WINS - UAT Test Plan/Commerce - UAT 1/Priority 4 - Translations/13821 : Translation Parent Story - Partner - DCF,,,
M3- FL WINS - UAT Test Plan,14225,US13819_TC_M3_S3_REQP-28_0001_AC_Spanish Translation on Partner - FloridaCommerce,NeverRun,1,M3- FL WINS - UAT Test Plan/Translations/13819 : Translation Parent Story - Partner - Commerce,,,
M3- FL WINS - UAT Test Plan,14322,US13819_TC_M3_S3_REQP-28_0002_AC_Haitian Creole Translation on Partner - FloridaCommerce,NeverRun,1,M3- FL WINS - UAT Test Plan/Translations/13819 : Translation Parent Story - Partner - Commerce,,,
M3- FL WINS - UAT Test Plan,14244,US13817_TC_M3_S3_8403_0001_AC_Spanish Translation on State Rapid Response program page.,Passed,1,M3- FL WINS - UAT Test Plan/Commerce - UAT 1/Priority 4 - Translations/13817: Translation Parent Story - Services - State Rapid Response,,,
M3- FL WINS - UAT Test Plan,14245,US13817_TC_M3_S3_8403_0002_AC_Creole Translation on State Rapid Response program page.,Passed,1,M3- FL WINS - UAT Test Plan/Commerce - UAT 1/Priority 4 - Translations/13817: Translation Parent Story - Services - State Rapid Response,,,
M3- FL WINS - UAT Test Plan,14318,US13803_TC_M3_S3_REQP-8403_0001_AC_ Spanish Translation on Division Career and Adult Education (DCAE) - Education Meets Opportunity Platform (EMOP)  Page.,NeverRun,1,M3- FL WINS - UAT Test Plan/Translations/13803: Translation Parent Story - Services - Division Career and Adult Education (DCAE) - Education Meets Opportunity Platform (EMOP),,,
M3- FL WINS - UAT Test Plan,14319,US13803_TC_M3_S3_REQP-8403_0002_UAC_ Spanish Translation on Division Career and Adult Education (DCAE) - Education Meets Opportunity Platform (EMOP)  Page.,NeverRun,1,M3- FL WINS - UAT Test Plan/Translations/13803: Translation Parent Story - Services - Division Career and Adult Education (DCAE) - Education Meets Opportunity Platform (EMOP),,,
M3- FL WINS - UAT Test Plan,14320,US13803_TC_M3_S3_REQP-8403_0003_AC_ Haitian Creole Translation on Division Career and Adult Education (DCAE) - Education Meets Opportunity Platform (EMOP)  Page.,NeverRun,1,M3- FL WINS - UAT Test Plan/Translations/13803: Translation Parent Story - Services - Division Career and Adult Education (DCAE) - Education Meets Opportunity Platform (EMOP),,,
M3- FL WINS - UAT Test Plan,14321,US13803_TC_M3_S3_REQP-8403_0004_UAC_ Haitian Creole Translation on Division Career and Adult Education (DCAE) - Education Meets Opportunity Platform (EMOP)  Page.,NeverRun,1,M3- FL WINS - UAT Test Plan/Translations/13803: Translation Parent Story - Services - Division Career and Adult Education (DCAE) - Education Meets Opportunity Platform (EMOP),,,
M3- FL WINS - UAT Test Plan,14438,US13813_TC_M3_S3_REQP-8403_0001_AC_ Spanish Translation on Reemployment Services and Eligibility Assessment (RESEA).,NeverRun,1,M3- FL WINS - UAT Test Plan/Commerce - UAT 1/Priority 4 - Translations/13813: Translation Parent Story - Services - Reemployment Services and Eligibility Assessment (RESEA),,,
M3- FL WINS - UAT Test Plan,14439,US13813_TC_M3_S3_REQP-8403_0002_UAC_ Spanish Translation on Reemployment Services and Eligibility Assessment (RESEA).,NeverRun,1,M3- FL WINS - UAT Test Plan/Commerce - UAT 1/Priority 4 - Translations/13813: Translation Parent Story - Services - Reemployment Services and Eligibility Assessment (RESEA),,,
M3- FL WINS - UAT Test Plan,14440,US13813_TC_M3_S3_REQP-8403_0003_AC_ Haitian Creole Translation on Reemployment Services and Eligibility Assessment (RESEA).,NeverRun,1,M3- FL WINS - UAT Test Plan/Commerce - UAT 1/Priority 4 - Translations/13813: Translation Parent Story - Services - Reemployment Services and Eligibility Assessment (RESEA),,,
M3- FL WINS - UAT Test Plan,14441,US13813_TC_M3_S3_REQP-8403_0004_UAC_ Haitian Creole Translation on Reemployment Services and Eligibility Assessment (RESEA).,NeverRun,1,M3- FL WINS - UAT Test Plan/Commerce - UAT 1/Priority 4 - Translations/13813: Translation Parent Story - Services - Reemployment Services and Eligibility Assessment (RESEA),,,
M3- FL WINS - UAT Test Plan,14442,US13818_TC_M3_S3_REQP-8403_0001_AC_ Spanish Translation on Employ Florida.,NeverRun,1,M3- FL WINS - UAT Test Plan/Translations/13818: Translation Parent Story - Services - Employ Florida,,,
M3- FL WINS - UAT Test Plan,14443,US13818_TC_M3_S3_REQP-8403_0002_UAC_ Spanish Translation on Employ Florida.,NeverRun,1,M3- FL WINS - UAT Test Plan/Translations/13818: Translation Parent Story - Services - Employ Florida,,,
M3- FL WINS - UAT Test Plan,14444,US13818_TC_M3_S3_REQP-8403_0003_AC_ Haitian Creole Translation on Employ Florida.,NeverRun,1,M3- FL WINS - UAT Test Plan/Translations/13818: Translation Parent Story - Services - Employ Florida,,,
M3- FL WINS - UAT Test Plan,14445,US13818_TC_M3_S3_REQP-8403_0004_UAC_ Haitian Creole Translation on Employ Florida.,NeverRun,1,M3- FL WINS - UAT Test Plan/Translations/13818: Translation Parent Story - Services - Employ Florida,,,
M3- FL WINS - UAT Test Plan,14279,"US11887_TC_M3_S3_0001_UAC_UAT - Privacy Statement Page (English, Spanish, Creole)",NeverRun,1,"M3- FL WINS - UAT Test Plan/Commerce - UAT 1/Priority 4 - Translations/11887: UAT - Privacy Statement Page (English, Spanish, Creole)",,,
M3- FL WINS - UAT Test Plan,14280,"US11887_TC_M3_S3_0002_AC_UAT - Privacy Statement Page (English, Spanish, Creole)",NeverRun,1,"M3- FL WINS - UAT Test Plan/Commerce - UAT 1/Priority 4 - Translations/11887: UAT - Privacy Statement Page (English, Spanish, Creole)",,,
M3- FL WINS - UAT Test Plan,14282,US2039_TC_M3_S3_REQ-P-74_0001_AC_Downloadable PDF Registration (Common) Intake Form for VR - Spanish,NeverRun,1,M3- FL WINS - UAT Test Plan/DOE - UAT 1/Priority 1- Portal/2039: P-UAC/AC- Downloadable PDF Registration (Common) Intake Form - Translations (ES/HT),,,
M3- FL WINS - UAT Test Plan,14283,US2039_TC_M3_S3_REQ-P-74_0002_AC_Downloadable PDF Registration (Common) Intake Form for VR - Haitian Creole,NeverRun,1,M3- FL WINS - UAT Test Plan/DOE - UAT 1/Priority 1- Portal/2039: P-UAC/AC- Downloadable PDF Registration (Common) Intake Form - Translations (ES/HT),,,
M3- FL WINS - UAT Test Plan,14284,US2039_TC_M3_S3_REQ-P-74_0003_UAC_Downloadable PDF Registration (Common) Intake Form for VR - Spanish,NeverRun,1,M3- FL WINS - UAT Test Plan/DOE - UAT 1/Priority 1- Portal/2039: P-UAC/AC- Downloadable PDF Registration (Common) Intake Form - Translations (ES/HT),,,
M3- FL WINS - UAT Test Plan,14285,US2039_TC_M3_S3_REQ-P-74_0004_UAC_Downloadable PDF Registration (Common) Intake Form for VR - Haitian Creole,NeverRun,1,M3- FL WINS - UAT Test Plan/DOE - UAT 1/Priority 1- Portal/2039: P-UAC/AC- Downloadable PDF Registration (Common) Intake Form - Translations (ES/HT),,,
M3- FL WINS - UAT Test Plan,14287,US11913_TC_M3_S3_REQ-P-83_0001_UAC_FL WINS Information Usage Page Text Update - Spanish,NeverRun,1,M3- FL WINS - UAT Test Plan/Commerce - UAT 1/Priority 4 - Translations/11913: P- FL WINS Information Usage Page Text Update - Translations,,,
M3- FL WINS - UAT Test Plan,14288,US11913_TC_M3_S3_REQ-P-83_0002_UAC_FL WINS Information Usage Page Text Update - Haitian Creole,NeverRun,1,M3- FL WINS - UAT Test Plan/Commerce - UAT 1/Priority 4 - Translations/11913: P- FL WINS Information Usage Page Text Update - Translations,,,
M3- FL WINS - UAT Test Plan,14290,US13814_TC_M3_S3_8403_0001_Spanish Translation on Migrant and Seasonal Farmworker Services (MSFW),NeverRun,1,M3- FL WINS - UAT Test Plan/Commerce - UAT 1/Priority 4 - Translations/13814: Translation Parent Story - Services - Migrant and Seasonal Farmworker Services (MSFW),,,
M3- FL WINS - UAT Test Plan,14291,US13814_TC_M3_S3_8403_0002_Creole Translation on Migrant and Seasonal Farmworker Services (MSFW),NeverRun,1,M3- FL WINS - UAT Test Plan/Commerce - UAT 1/Priority 4 - Translations/13814: Translation Parent Story - Services - Migrant and Seasonal Farmworker Services (MSFW),,,
M3- FL WINS - UAT Test Plan,14297,US12008_TC_M3_S3_REQP-8403_0001_AC_Spanish Translation of Edit Profile Page,NeverRun,1,M3- FL WINS - UAT Test Plan/Commerce - UAT 1/Priority 4 - Translations/12008: Translation Parent Story - Edit Profile,,,
M3- FL WINS - UAT Test Plan,14299,US12008_TC_M3_S3_REQP-8403_0002_AC_Haitian Creole Translation of Edit Profile Page,NeverRun,1,M3- FL WINS - UAT Test Plan/Commerce - UAT 1/Priority 4 - Translations/12008: Translation Parent Story - Edit Profile,,,
M3- FL WINS - UAT Test Plan,14301,US13801_TC_M3_S3_REQP-8403_0001_AC_Spanish Translation of Supplemental Nutrition Assistance Program (SNAP) Service,NeverRun,1,M3- FL WINS - UAT Test Plan/Commerce - UAT 1/Priority 4 - Translations/13801: Translation Parent Story - Services - Supplemental Nutrition Assistance Program (SNAP),,,
M3- FL WINS - UAT Test Plan,14302,US13801_TC_M3_S3_REQP-8403_0002_AC_Haitian Creole Translation of Supplemental Nutrition Assistance Program (SNAP) Service,NeverRun,1,M3- FL WINS - UAT Test Plan/Commerce - UAT 1/Priority 4 - Translations/13801: Translation Parent Story - Services - Supplemental Nutrition Assistance Program (SNAP),,,
M3- FL WINS - UAT Test Plan,14339,US13802_TC_M3_S3_REQP-8403_0001_AC_Spanish Translation of Division of Early Learning - School Readiness Service,NeverRun,1,M3- FL WINS - UAT Test Plan/Translations/13802: Translation Parent Story - Services - Division of Early Learning - School Readiness,,,
M3- FL WINS - UAT Test Plan,14340,US13802_TC_M3_S3_REQP-8403_0002_AC_Haitian Creole Translation of Division of Early Learning - School Readiness Service,NeverRun,1,M3- FL WINS - UAT Test Plan/Translations/13802: Translation Parent Story - Services - Division of Early Learning - School Readiness,,,
M3- FL WINS - UAT Test Plan,14305,US12005_TC_M3_S3_8403_0001_AC_Spanish Translation on Service match page.,NeverRun,1,M3- FL WINS - UAT Test Plan/Commerce - UAT 1/Priority 4 - Translations/12005: Translation Parent Story - Service Match,,,
M3- FL WINS - UAT Test Plan,14306,US12005_TC_M3_S3_8403_0002_AC_Creole Translation on Service match page.,NeverRun,1,M3- FL WINS - UAT Test Plan/Commerce - UAT 1/Priority 4 - Translations/12005: Translation Parent Story - Service Match,,,
M3- FL WINS - UAT Test Plan,14315,US13820_TC_M3_S3_REQP-28_0001_AC_Spanish Translation - Partner - CareerSource Florida,NeverRun,1,M3- FL WINS - UAT Test Plan/Translations/13820 : Translation Parent Story - Partner - CareerSource Florida,,,
M3- FL WINS - UAT Test Plan,14316,US13820_TC_M3_S3_REQP-28_0002_AC_Haitian Creole Translation - Partner - CareerSource Florida,NeverRun,1,M3- FL WINS - UAT Test Plan/Translations/13820 : Translation Parent Story - Partner - CareerSource Florida,,,
M3- FL WINS - UAT Test Plan,14346,US13806_TC_M3_S3_REQP-8403_0001_AC_ Spanish Translation on Reemployment Assistance.,NeverRun,1,M3- FL WINS - UAT Test Plan/Commerce - UAT 1/Priority 4 - Translations/13806: Translation Parent Story - Services - Reemployment Assistance,,,
M3- FL WINS - UAT Test Plan,14347,US13806_TC_M3_S3_REQP-8403_0002_UAC_ Spanish Translation on Reemployment Assistance.,NeverRun,1,M3- FL WINS - UAT Test Plan/Commerce - UAT 1/Priority 4 - Translations/13806: Translation Parent Story - Services - Reemployment Assistance,,,
M3- FL WINS - UAT Test Plan,14348,US13806_TC_M3_S3_REQP-8403_0003_AC_ Haitian Creole Translation on Reemployment Assistance.,NeverRun,1,M3- FL WINS - UAT Test Plan/Commerce - UAT 1/Priority 4 - Translations/13806: Translation Parent Story - Services - Reemployment Assistance,,,
M3- FL WINS - UAT Test Plan,14349,US13806_TC_M3_S3_REQP-8403_0004_UAC_ Haitian Creole Translation on Reemployment Assistance.,NeverRun,1,M3- FL WINS - UAT Test Plan/Commerce - UAT 1/Priority 4 - Translations/13806: Translation Parent Story - Services - Reemployment Assistance,,,
M3- FL WINS - UAT Test Plan,14329,US11614_TC_M3_S3_REQP-51_0001_AC_Spanish Translation of Service Match Result Email Content,NeverRun,1,M3- FL WINS - UAT Test Plan/Translations/11614: P-AC/UAC- QR code customer email - Translations,,,
M3- FL WINS - UAT Test Plan,14330,US11614_TC_M3_S3_REQP-51_0002_AC_Haitian Creole Translation of Service Match Result Email Content,NeverRun,1,M3- FL WINS - UAT Test Plan/Translations/11614: P-AC/UAC- QR code customer email - Translations,,,
M3- FL WINS - UAT Test Plan,14331,US11614_TC_M3_S3_REQP-51_0003_UAC_Spanish Translation of Service Match Result Email Content.,NeverRun,1,M3- FL WINS - UAT Test Plan/Translations/11614: P-AC/UAC- QR code customer email - Translations,,,
M3- FL WINS - UAT Test Plan,14332,US11614_TC_M3_S3_REQP-51_0004_UAC_Haitian Creole Translation of Service Match Result Email Content.,NeverRun,1,M3- FL WINS - UAT Test Plan/Translations/11614: P-AC/UAC- QR code customer email - Translations,,,
M3- FL WINS - UAT Test Plan,14333,US11614_TC_M3_S3_REQP-51_0005_AC_Invalid Email Format Triggers Error Message - ES,NeverRun,1,M3- FL WINS - UAT Test Plan/Translations/11614: P-AC/UAC- QR code customer email - Translations,,,
M3- FL WINS - UAT Test Plan,14334,US11614_TC_M3_S3_REQP-51_0006_AC_Invalid Email Format Triggers Error Message - HT,NeverRun,1,M3- FL WINS - UAT Test Plan/Translations/11614: P-AC/UAC- QR code customer email - Translations,,,
M3- FL WINS - UAT Test Plan,14381,US11996_TC_M3_S3_REQP-28_0001_UAC_Creole Translation of Sign In Page.,NeverRun,1,M3- FL WINS - UAT Test Plan/Commerce - UAT 1/Priority 4 - Translations/11996: Translation Parent Story - SignIn,,,
M3- FL WINS - UAT Test Plan,14383,US11986_TC_M3_S3_REQP-51_0001_AC_Spanish Translation Scan QR code Intake,NeverRun,1,M3- FL WINS - UAT Test Plan/Translations/11986: P-AC/UAC - Scan QR code Intake - Translations,,,
M3- FL WINS - UAT Test Plan,14384,US11986_TC_M3_S3_REQP-51_0002_UAC_Spanish Translation Scan QR code Intake,NeverRun,1,M3- FL WINS - UAT Test Plan/Translations/11986: P-AC/UAC - Scan QR code Intake - Translations,,,
M3- FL WINS - UAT Test Plan,14385,US11986_TC_M3_S3_REQP-51_0003_AC_Haitian Creole Translation Scan QR code Intake,NeverRun,1,M3- FL WINS - UAT Test Plan/Translations/11986: P-AC/UAC - Scan QR code Intake - Translations,,,
M3- FL WINS - UAT Test Plan,14386,US11986_TC_M3_S3_REQP-51_0004_UAC_Haitian Creole Translation Scan QR code Intake,NeverRun,1,M3- FL WINS - UAT Test Plan/Translations/11986: P-AC/UAC - Scan QR code Intake - Translations,,,
M3- FL WINS - UAT Test Plan,14388,US13804_TC_M3_S3_REQP-8403_0001_AC_Spanish Translation of Division of Blind Services Program,NeverRun,1,M3- FL WINS - UAT Test Plan/Translations/13804: Translation Parent Story - Services - Division of Blind Services,,,
M3- FL WINS - UAT Test Plan,14389,US13804_TC_M3_S3_REQP-8403_0002_AC_Haitian Creole Translation of Division of Blind Services Program,NeverRun,1,M3- FL WINS - UAT Test Plan/Translations/13804: Translation Parent Story - Services - Division of Blind Services,,,
M3- FL WINS - UAT Test Plan,14413,US13805_TC_M3_S3_REQP-8403_0001_AC_Spanish Translation of Vocational Rehabilitation Service,NeverRun,1,M3- FL WINS - UAT Test Plan/Translations/13805: Translation Parent Story - Services - Vocational Rehabilitation,,,
M3- FL WINS - UAT Test Plan,14414,US13805_TC_M3_S3_REQP-8403_0002_AC_Haitian Creole Translation of Vocational Rehabilitation Program,NeverRun,1,M3- FL WINS - UAT Test Plan/Translations/13805: Translation Parent Story - Services - Vocational Rehabilitation,,,
M3- FL WINS - UAT Test Plan,14416,US12003_TC_M3_S3_REQP-8403_0001_AC_Verify Spanish Translation for Profile Update Prompt After Inactivity on Homepage,NeverRun,1,M3- FL WINS - UAT Test Plan/Commerce - UAT 1/Priority 4 - Translations/12003: Translation Parent Story - Home,,,
M3- FL WINS - UAT Test Plan,14417,"US12003_TC_M3_S3_REQP-8403_0002_UAC_Verify Spanish Translation for Guest User ""Are You New?"" Section on Homepage",NeverRun,1,M3- FL WINS - UAT Test Plan/Commerce - UAT 1/Priority 4 - Translations/12003: Translation Parent Story - Home,,,
M3- FL WINS - UAT Test Plan,14418,US12003_TC_M3_S3_REQP-8403_0003_AC_Verify Spanish Translation Updates on Homepage,NeverRun,1,M3- FL WINS - UAT Test Plan/Commerce - UAT 1/Priority 4 - Translations/12003: Translation Parent Story - Home,,,
M3- FL WINS - UAT Test Plan,14419,US12003_TC_M3_S3_REQP-8403_0004_AC_Verify Haitian Creole Translation Updates on Homepage,NeverRun,1,M3- FL WINS - UAT Test Plan/Commerce - UAT 1/Priority 4 - Translations/12003: Translation Parent Story - Home,,,
M3- FL WINS - UAT Test Plan,14420,"US12003_TC_M3_S3_REQP-8403_0005_UAC_Verify Haitian Creole Translation for Guest User ""Are You New?"" Section on Homepage",Passed,1,M3- FL WINS - UAT Test Plan/Commerce - UAT 1/Priority 4 - Translations/12003: Translation Parent Story - Home,,,
M3- FL WINS - UAT Test Plan,14422,US11999_TC_M3_S3_REQP-8403_0001_AC_Verify Haitian Creole Translation Updates on Common Intake Form,NeverRun,1,M3- FL WINS - UAT Test Plan/Commerce - UAT 1/Priority 4 - Translations/11999: Translation Parent Story - Customer Intake Form,,,
M3- FL WINS - UAT Test Plan,14452,US11999_TC_M3_S3_REQP-8403_0002_AC_Verify Spanish Translation Updates on Common Intake Form,NeverRun,1,M3- FL WINS - UAT Test Plan/Commerce - UAT 1/Priority 4 - Translations/11999: Translation Parent Story - Customer Intake Form,,,
M3- FL WINS - UAT Test Plan,14453,US11999_TC_M3_S3_REQP-8403_0003_AC_Verify Haitian Creole Translation for  Submission Fail Error Message,NeverRun,1,M3- FL WINS - UAT Test Plan/Commerce - UAT 1/Priority 4 - Translations/11999: Translation Parent Story - Customer Intake Form,,,
M3- FL WINS - UAT Test Plan,14593,"US11999_TC_M3_S3_REQP-8403_0004_AC_Verify Haitian Creole Translation for  "" View Service Match Result"" Page",NeverRun,1,M3- FL WINS - UAT Test Plan/Commerce - UAT 1/Priority 4 - Translations/11999: Translation Parent Story - Customer Intake Form,,,
M3- FL WINS - UAT Test Plan,14463,"US14423_M3_S3_0001_P-AC-Edit Profile Field Validations (English, Spanish, Creole)",NeverRun,1,"M3- FL WINS - UAT Test Plan/Translations/14423: P-AC-Create/Edit Profile & CIF - Modify Field Validations (English, Spanish, Creole)",,,
M3- FL WINS - UAT Test Plan,14464,"US14423_M3_S3_0002_P-AC-CIF Field Validations (English, Spanish, Creole)",NeverRun,1,"M3- FL WINS - UAT Test Plan/Translations/14423: P-AC-Create/Edit Profile & CIF - Modify Field Validations (English, Spanish, Creole)",,,
M3- FL WINS - UAT Test Plan,14434,US13810_TC_M3_S3_REQP-28_0001_AC_Spanish Translation on Services - Workforce Innovation & Opportunity Program (WIOA),Passed,1,M3- FL WINS - UAT Test Plan/Commerce - UAT 1/Priority 4 - Translations/13810: Translation Parent Story  - Services - Workforce Innovation & Opportunity Program (WIOA),,,
M3- FL WINS - UAT Test Plan,14435,US13810_TC_M3_S3_REQP-28_0002_AC_Haitian Creole Translation on Services - Workforce Innovation & Opportunity Program (WIOA),Passed,1,M3- FL WINS - UAT Test Plan/Commerce - UAT 1/Priority 4 - Translations/13810: Translation Parent Story  - Services - Workforce Innovation & Opportunity Program (WIOA),,,
M3- FL WINS - UAT Test Plan,14451,US14343_TC_M3_S3_REQP-8403_0001_UAC_10795_Spanish Translation on Create Account.,Passed,1,M3- FL WINS - UAT Test Plan/Commerce - UAT 1/Priority 4 - Translations/14343: Translation Parent Story - Create Account - Spanish,,,
M3- FL WINS - UAT Test Plan,14471,US14343_TC_M3_S3_REQP-8403_0002_UAC_10796_Spanish Translation on Create Account.,Passed,1,M3- FL WINS - UAT Test Plan/Commerce - UAT 1/Priority 4 - Translations/14343: Translation Parent Story - Create Account - Spanish,,,
M3- FL WINS - UAT Test Plan,14472,US14343_TC_M3_S3_REQP-8403_0003_UAC_10797_Spanish Translation on Create Account.,Passed,1,M3- FL WINS - UAT Test Plan/Commerce - UAT 1/Priority 4 - Translations/14343: Translation Parent Story - Create Account - Spanish,,,
M3- FL WINS - UAT Test Plan,14473,US14343_TC_M3_S3_REQP-8403_0004_UAC_10798_Spanish Translation on Create Account.,Passed,1,M3- FL WINS - UAT Test Plan/Commerce - UAT 1/Priority 4 - Translations/14343: Translation Parent Story - Create Account - Spanish,,,
M3- FL WINS - UAT Test Plan,14455,US12004_TC_M3_S3_REQP-8403_0001_UAC_ Haitian Creole Translation for Create Account,NeverRun,1,M3- FL WINS - UAT Test Plan/Translations/12004: Translation Parent Story - Create Account - Haitian Creole,,,
M3- FL WINS - UAT Test Plan,14457,US12007_TC_M3_S3_REQP-8403_0001_AC_Haitian Creole Translation of Change Password on My Profile,Blocked,1,M3- FL WINS - UAT Test Plan/Translations/12007: Translation Parent Story - Change Password,,,
M3- FL WINS - UAT Test Plan,14458,US12007_TC_M3_S3_REQP-8403_0002_AC_Spanish Translation of Change Password on My Profile,Blocked,1,M3- FL WINS - UAT Test Plan/Translations/12007: Translation Parent Story - Change Password,,,
M3- FL WINS - UAT Test Plan,14475,US13807_TC_M3_S3_REQP-28_0001_AC_Spanish Translation on Services - Wagner- Peyser,NeverRun,1,M3- FL WINS - UAT Test Plan/Translations/13807: Translation Parent Story - Services - Wagner-Peyser,,,
M3- FL WINS - UAT Test Plan,14537,US13807_TC_M3_S3_REQP-28_0002_AC_Haitian Creole Translation on Services - Wagner- Peyser,NeverRun,1,M3- FL WINS - UAT Test Plan/Translations/13807: Translation Parent Story - Services - Wagner-Peyser,,,
M3- FL WINS - UAT Test Plan,14513,US14167_TC_M3_S3_REQP-92_0002_AC_Verify Notification Bell Behavior for Assigned Tasks in Customer Portal,NeverRun,1,M3- FL WINS - UAT Test Plan/DOE - UAT 1/Priority 1- Portal/14167: DOE- P-AC- Custom Notification Bell,,,
M3- FL WINS - UAT Test Plan,14515,US14167_TC_M3_S3_REQP-92_0001_AC_Verify Bell Icon Displays No Notification When No Tasks Are Assigned,NeverRun,1,M3- FL WINS - UAT Test Plan/DOE - UAT 1/Priority 1- Portal/14167: DOE- P-AC- Custom Notification Bell,,,
M3- FL WINS - UAT Test Plan,14540,US13808_TC_M3_S3_REQP-28_0001_AC_Spanish Translation on Workforce Innovation and Opportunity Act Adult and Dislocated Workers Program (WIOA),NeverRun,1,M3- FL WINS - UAT Test Plan/Translations/13808: Translation Parent Story -Services - Workforce Innovation and Opportunity Act Adult and Dislocated Workers Program,,,
M3- FL WINS - UAT Test Plan,14544,US13808_TC_M3_S3_REQP-28_0002_AC_Haitian Creole Translation on Workforce Innovation and Opportunity Act Adult and Dislocated Workers Program (WIOA),NeverRun,1,M3- FL WINS - UAT Test Plan/Translations/13808: Translation Parent Story -Services - Workforce Innovation and Opportunity Act Adult and Dislocated Workers Program,,,
M3- FL WINS - UAT Test Plan,14556,US13809_TC_M3_S3_REQP-28_0001_AC_Spanish Translation on Services - WIOA Youth,NeverRun,1,M3- FL WINS - UAT Test Plan/Commerce - UAT 1/Priority 4 - Translations/13809: Translation Parent Story - Services - WIOA Youth,,,
M3- FL WINS - UAT Test Plan,14565,US13809_TC_M3_S3_REQP-28_0002_AC_Haitian Creole- Translation on Services - WIOA Youth,NeverRun,1,M3- FL WINS - UAT Test Plan/Commerce - UAT 1/Priority 4 - Translations/13809: Translation Parent Story - Services - WIOA Youth,,,
M3- FL WINS - UAT Test Plan,14461,US13799_TC_M3_S3_REQP-28_0001_AC_Haitian Creole Translation on Services - Career Assistance,NeverRun,1,M3- FL WINS - UAT Test Plan/Translations/13799: Translation Parent Story - Services - Career Assistance,,,
M3- FL WINS - UAT Test Plan,14579,"US12083_TC_M3_S3_REQP-73_0001_C360-DS-Send Documents for eSignature and Track Envelope Status in Salesforce. (Upload a document, add signature, initial, date field and initiate Docusign eSignature process)",NeverRun,1,M3- FL WINS - UAT Test Plan/Commerce - UAT 1/Priority 3 - C360/12083: Commerce- C360-DS-Send Documents for eSignature and Track Envelope Status in Salesforce.,,,
M3- FL WINS - UAT Test Plan,14580,US12083_TC_M3_S3_REQP-73_0002_C360-DS-Send Documents for eSignature and Track Envelope Status in Salesforce. (Complete Docusign process ),NeverRun,1,M3- FL WINS - UAT Test Plan/Commerce - UAT 1/Priority 3 - C360/12083: Commerce- C360-DS-Send Documents for eSignature and Track Envelope Status in Salesforce.,,,
M3- FL WINS - UAT Test Plan,14581,US12083_TC_M3_S3_REQP-73_0003_C360-DS-Send Documents for eSignature and Track Envelope Status in Salesforce. ('Docusign Envelop Status),NeverRun,1,M3- FL WINS - UAT Test Plan/Commerce - UAT 1/Priority 3 - C360/12083: Commerce- C360-DS-Send Documents for eSignature and Track Envelope Status in Salesforce.,,,
M3- FL WINS - UAT Test Plan,14583,US12079_TC_M3_S3_ REQP-73_0001_C360-DS-Use Single Sign-On (SSO) Between Salesforce and DocuSign - Caseworker(Not authenticated with Docusign User),NeverRun,1,M3- FL WINS - UAT Test Plan/DOE - UAT 1/Priority 2 - C360/12079: DOE- C360-DS-Use Single Sign-On (SSO) Between Salesforce and DocuSign - Caseworker,,,
M3- FL WINS - UAT Test Plan,14584,US12079_TC_M3_S3_REQP-73_0002_C360-DS-Use Single Sign-On (SSO) Between Salesforce and DocuSign - Caseworker(Authenticated with Docusign User),NeverRun,1,M3- FL WINS - UAT Test Plan/DOE - UAT 1/Priority 2 - C360/12079: DOE- C360-DS-Use Single Sign-On (SSO) Between Salesforce and DocuSign - Caseworker,,,
M3- FL WINS - UAT Test Plan,14585,US12079_TC_M3_S3_REQP-73_0003_C360-DS-Use Single Sign-On (SSO) Between Salesforce and DocuSign - Caseworker(Inactive User Session),NeverRun,1,M3- FL WINS - UAT Test Plan/DOE - UAT 1/Priority 2 - C360/12079: DOE- C360-DS-Use Single Sign-On (SSO) Between Salesforce and DocuSign - Caseworker,,,
M3- FL WINS - UAT Test Plan,14595,US13798_TC_M3_S3_REQP-28_0001_AC_Spanish Translation on Services - Business Services,NeverRun,1,M3- FL WINS - UAT Test Plan/Translations/13798: Translation Parent Story - Services - Business Services,,,
M3- FL WINS - UAT Test Plan,14596,US13798_TC_M3_S3_REQP-28_0002_AC_Haitian Creole Translation on Services - Business Services,NeverRun,1,M3- FL WINS - UAT Test Plan/Translations/13798: Translation Parent Story - Services - Business Services,,,
M3- FL WINS - UAT Test Plan,14699,PEGA:TC_M3_ETE_UAT1_0004_AC_C360_CIF_RA_ReferralSubmission,NeverRun,1,M3- FL WINS - UAT Test Plan/Commerce - UAT 1/Priority 2 - E2E - PEGA/Commerce ETE UAT-1,,,
M3- FL WINS - UAT Test Plan,14700,PEGA:TC_M3_ETE_UAT1_0005_AC_CustPortal_CIF_RA_ReferralSubmissionOutage,NeverRun,1,M3- FL WINS - UAT Test Plan/Commerce - UAT 1/Priority 2 - E2E - PEGA/Commerce ETE UAT-1,,,
M3- FL WINS - UAT Test Plan,14701,PEGA:TC_M3_ETE_UAT1_0006_AC_C360_CIF_RA_ReferralSubmissionOutage,NeverRun,1,M3- FL WINS - UAT Test Plan/Commerce - UAT 1/Priority 2 - E2E - PEGA/Commerce ETE UAT-1,,,
M3- FL WINS - UAT Test Plan,14702,PEGA:TC_M3_ETE_UAT1_0002_AC_CustPortal_CIF_RA_ReferralSubmission_Spanish,Blocked,1,M3- FL WINS - UAT Test Plan/Commerce - UAT 1/Priority 2 - E2E - PEGA/Commerce ETE UAT-1,,,
M3- FL WINS - UAT Test Plan,14703,PEGA:TC_M3_ETE_UAT1_0003_AC_CustPortal_CIF_RA_ReferralSubmission_Creole,Blocked,1,M3- FL WINS - UAT Test Plan/Commerce - UAT 1/Priority 2 - E2E - PEGA/Commerce ETE UAT-1,,,
M3- FL WINS - UAT Test Plan,14763,PEGA:TC_M3_ETE_UAT1_0001_AC_CustPortal_CIF_RA_ReferralSubmission_FLWINS_To_PEGA_To_RECONNECT,NeverRun,1,M3- FL WINS - UAT Test Plan/Commerce - UAT 1/Priority 2 - E2E - PEGA/Commerce ETE UAT-1,,,
M3- FL WINS - UAT Test Plan,14764,PEGA:TC_M3_ETE_UAT1_0013_AC_CustPortal_CIF_RA_SubsequentReferralSubmission,NeverRun,1,M3- FL WINS - UAT Test Plan/Commerce - UAT 1/Priority 2 - E2E - PEGA/Commerce ETE UAT-1,,,
M3- FL WINS - UAT Test Plan,14765,PEGA:TC_M3_ETE_UAT1_0014_AC_CustPortal_CIF_RA_SubsequentReferralSubmission_OutageBetweenPEGAandRECONNECT,NeverRun,1,M3- FL WINS - UAT Test Plan/Commerce - UAT 1/Priority 2 - E2E - PEGA/Commerce ETE UAT-1,,,
M3- FL WINS - UAT Test Plan,14746,US14268_TC_M3_Finalizations_Portal_0001 - Verifying the new custom component_eSignature on referral intake.,NeverRun,1,"M3- FL WINS - UAT Test Plan/UAT 2/14268 : DOE - P/C360 -Capture eSignature on referral intake - custom component (English, Spanish, Creole)",,,
M3- FL WINS - UAT Test Plan,14747,US14268_TC_M3_Finalizations_C360_0002 - Verifying the new custom component_eSignature on referral intake.,NeverRun,1,"M3- FL WINS - UAT Test Plan/UAT 2/14268 : DOE - P/C360 -Capture eSignature on referral intake - custom component (English, Spanish, Creole)",,,
M3- FL WINS - UAT Test Plan,14748,US14268_TC_M3_Finalizations_Portal_0003_Verifying the new custom component_eSignature on referral intake_Spanish Translations,NeverRun,1,"M3- FL WINS - UAT Test Plan/UAT 2/14268 : DOE - P/C360 -Capture eSignature on referral intake - custom component (English, Spanish, Creole)",,,
M3- FL WINS - UAT Test Plan,14749,US14268_TC_M3_Finalizations_P_0004_Verifying the new custom component_eSignature on referral intake_Creole Translations,NeverRun,1,"M3- FL WINS - UAT Test Plan/UAT 2/14268 : DOE - P/C360 -Capture eSignature on referral intake - custom component (English, Spanish, Creole)",,,
M3- FL WINS - UAT Test Plan,15815,"US14268_TC_M3_Finalizations_Portal_0005 - Verifying the ""Proceed"" button is disabled in the new custom component_eSignature on referral intake.",NeverRun,1,"M3- FL WINS - UAT Test Plan/UAT 2/14268 : DOE - P/C360 -Capture eSignature on referral intake - custom component (English, Spanish, Creole)",,,
M3- FL WINS - UAT Test Plan,15819,US461_TC_M3_S3_REQP-96_0001_AC_CustPortal_RAPromptForDocumentation,NeverRun,1,M3- FL WINS - UAT Test Plan/Commerce - UAT 1/Priority 1-Portal/461: Commerce- P-AC-Prompt for Documentation Needed (Reemployment Assistance) - English,,,
M3- FL WINS - UAT Test Plan,15823,US14326_TC_M3_S3_REQP-81_0001_AC_VR_ 3rd Party Referral Submission_I am submitting on behalf of someone else.,NeverRun,1,M3- FL WINS - UAT Test Plan/UAT 2/M3- Finalizations/DOE- Finalizations/14326: P-AC-3rd Party Referral Submission,,,
M3- FL WINS - UAT Test Plan,15824,US14326_TC_M3_S3_REQP-81_0002_AC_VR_ 3rd Party Referral Submission_I am submitting for myself.,NeverRun,1,M3- FL WINS - UAT Test Plan/UAT 2/M3- Finalizations/DOE- Finalizations/14326: P-AC-3rd Party Referral Submission,,,
M3- FL WINS - UAT Test Plan,15825,US14326_TC_M3_S3_REQP-81_0003_AC_RA_ Recipient of services.,NeverRun,1,M3- FL WINS - UAT Test Plan/UAT 2/M3- Finalizations/DOE- Finalizations/14326: P-AC-3rd Party Referral Submission,,,
M3- FL WINS - UAT Test Plan,15928,US14326_TC_M3_S3_REQP-81_0004_AC_VR_Error message on no entry,NeverRun,1,M3- FL WINS - UAT Test Plan/UAT 2/M3- Finalizations/DOE- Finalizations/14326: P-AC-3rd Party Referral Submission,,,
M3- FL WINS - UAT Test Plan,15934,US14326_TC_M3_S3_REQP-81_0005_AC_VR_Boundary value analysis,NeverRun,1,M3- FL WINS - UAT Test Plan/UAT 2/M3- Finalizations/DOE- Finalizations/14326: P-AC-3rd Party Referral Submission,,,
M3- FL WINS - UAT Test Plan,15950,US14326_TC_M3_S3_REQP-81_0007_AC_VR_Error message on invalid entry,NeverRun,1,M3- FL WINS - UAT Test Plan/UAT 2/M3- Finalizations/DOE- Finalizations/14326: P-AC-3rd Party Referral Submission,,,
M3- FL WINS - UAT Test Plan,15987,US14758_TC_M3_S3_REQP-81_0013_AC_VR_ Error message on invalid entry_Spanish.,NeverRun,1,"M3- FL WINS - UAT Test Plan/UAT 2/M3- Finalizations/DOE- Finalizations/14758: P-AC-3rd Party Referral Submission - (Spanish, Creole)",,,
M3- FL WINS - UAT Test Plan,15988,US14758_TC_M3_S3_REQP-81_0014_AC_VR_  Error message on invalid entry_Haitian Creole.,NeverRun,1,"M3- FL WINS - UAT Test Plan/UAT 2/M3- Finalizations/DOE- Finalizations/14758: P-AC-3rd Party Referral Submission - (Spanish, Creole)",,,
M3- FL WINS - UAT Test Plan,15979,US14758_TC_M3_S3_REQP-81_0005_AC_VR_ Contact_Haitian Creole.,NeverRun,1,"M3- FL WINS - UAT Test Plan/UAT 2/M3- Finalizations/DOE- Finalizations/14758: P-AC-3rd Party Referral Submission - (Spanish, Creole)",,,
M3- FL WINS - UAT Test Plan,15980,US14758_TC_M3_S3_REQP-81_0006_AC_VR_ Identity and Submit_Haitian Creole.,NeverRun,1,"M3- FL WINS - UAT Test Plan/UAT 2/M3- Finalizations/DOE- Finalizations/14758: P-AC-3rd Party Referral Submission - (Spanish, Creole)",,,
M3- FL WINS - UAT Test Plan,15981,US14758_TC_M3_S3_REQP-81_0007_AC_VR_ Error message on no entry_Spanish.,NeverRun,1,"M3- FL WINS - UAT Test Plan/UAT 2/M3- Finalizations/DOE- Finalizations/14758: P-AC-3rd Party Referral Submission - (Spanish, Creole)",,,
M3- FL WINS - UAT Test Plan,15982,US14758_TC_M3_S3_REQP-81_0008_AC_VR_ Error message on no entry_Haitian Creole.,NeverRun,1,"M3- FL WINS - UAT Test Plan/UAT 2/M3- Finalizations/DOE- Finalizations/14758: P-AC-3rd Party Referral Submission - (Spanish, Creole)",,,
M3- FL WINS - UAT Test Plan,15983,US14758_TC_M3_S3_REQP-81_0009_AC_VR_ Boundary value analysis_Spanish.,NeverRun,1,"M3- FL WINS - UAT Test Plan/UAT 2/M3- Finalizations/DOE- Finalizations/14758: P-AC-3rd Party Referral Submission - (Spanish, Creole)",,,
M3- FL WINS - UAT Test Plan,15984,US14758_TC_M3_S3_REQP-81_0010_AC_VR_  Boundary value analysis_Haitian Creole.,NeverRun,1,"M3- FL WINS - UAT Test Plan/UAT 2/M3- Finalizations/DOE- Finalizations/14758: P-AC-3rd Party Referral Submission - (Spanish, Creole)",,,
M3- FL WINS - UAT Test Plan,15975,US14758_TC_M3_S3_REQP-81_0001_AC_VR_ Recipient_Spanish.,NeverRun,1,"M3- FL WINS - UAT Test Plan/UAT 2/M3- Finalizations/DOE- Finalizations/14758: P-AC-3rd Party Referral Submission - (Spanish, Creole)",,,
M3- FL WINS - UAT Test Plan,15976,US14758_TC_M3_S3_REQP-81_0002_AC_VR_ Contact_Spanish.,NeverRun,1,"M3- FL WINS - UAT Test Plan/UAT 2/M3- Finalizations/DOE- Finalizations/14758: P-AC-3rd Party Referral Submission - (Spanish, Creole)",,,
M3- FL WINS - UAT Test Plan,15977,US14758_TC_M3_S3_REQP-81_0003_AC_VR_ Identity and Submit_Spanish.,NeverRun,1,"M3- FL WINS - UAT Test Plan/UAT 2/M3- Finalizations/DOE- Finalizations/14758: P-AC-3rd Party Referral Submission - (Spanish, Creole)",,,
M3- FL WINS - UAT Test Plan,15978,US14758_TC_M3_S3_REQP-81_0004_AC_VR_ Recipient_Haitian Creole.,NeverRun,1,"M3- FL WINS - UAT Test Plan/UAT 2/M3- Finalizations/DOE- Finalizations/14758: P-AC-3rd Party Referral Submission - (Spanish, Creole)",,,
M3- FL WINS - UAT Test Plan,15886,US15880_TC_M3_S3_REQP-81_0001_AC_VR_ My Registration Intake_Recipient_In Progress tab,NeverRun,1,"M3- FL WINS - UAT Test Plan/UAT 2/M3- Finalizations/DOE- Finalizations/15880: P-AC-3rd Party Referral Submission - My Registration Intake (English, Spanish, Creole)",,,
M3- FL WINS - UAT Test Plan,15887,US15880_TC_M3_S3_REQP-81_0002_AC_VR_ My Registration Intake_Recipient_Submitted tab,NeverRun,1,"M3- FL WINS - UAT Test Plan/UAT 2/M3- Finalizations/DOE- Finalizations/15880: P-AC-3rd Party Referral Submission - My Registration Intake (English, Spanish, Creole)",,,
M3- FL WINS - UAT Test Plan,15888,US15880_TC_M3_S3_REQP-81_0003_AC_VR_ My Registration Intake_Recipient_Spanish Translation,NeverRun,1,"M3- FL WINS - UAT Test Plan/UAT 2/M3- Finalizations/DOE- Finalizations/15880: P-AC-3rd Party Referral Submission - My Registration Intake (English, Spanish, Creole)",,,
M3- FL WINS - UAT Test Plan,15889,US15880_TC_M3_S3_REQP-81_0004_AC_VR_ My Registration Intake_Recipient_Haitian Creole Translation,NeverRun,1,"M3- FL WINS - UAT Test Plan/UAT 2/M3- Finalizations/DOE- Finalizations/15880: P-AC-3rd Party Referral Submission - My Registration Intake (English, Spanish, Creole)",,,
M3- FL WINS - UAT Test Plan,15898,US14759_TC_M3_S3_REQP-96_0001_AC_CustPortal_DocPromptSpanish,Paused,1,"M3- FL WINS - UAT Test Plan/Commerce - UAT 1/Priority 4 - Translations/14759: P-AC-Prompt for Documentation Needed (Reemployment Assistance) - (Spanish, Creole)",,,
M3- FL WINS - UAT Test Plan,15899,US14759_TC_M3_S3_REQP-96_0002_AC_CustPortal_DocPromptHaitianCreole,Paused,1,"M3- FL WINS - UAT Test Plan/Commerce - UAT 1/Priority 4 - Translations/14759: P-AC-Prompt for Documentation Needed (Reemployment Assistance) - (Spanish, Creole)",,,
M3- FL WINS - UAT Test Plan,16016,US15883_TC_M3_S3_REQP-81_0001_AC_VR_ Referral Tab Columns,NeverRun,1,M3- FL WINS - UAT Test Plan/UAT 2/M3- Finalizations/DOE- Finalizations/15883: P-C360-3rd Party Referral Submission - Referral Tab Columns,,,
M3- FL WINS - UAT Test Plan,15891,VRAware:TC_M3_ETE_UAT2_0011_AC_CustPortal_NoPrePopulationOfCIF_VRAware_MatchFound_ThirdPartySubmission,NeverRun,1,M3- FL WINS - UAT Test Plan/UAT 2/M3- Finalizations/DOE- UAT2 ETE Test Cases,,,
M3- FL WINS - UAT Test Plan,14492,VRAware:TC_M3_ETE_UAT2_0004_AC_C360_CIF_VRAware_ReferralSubmission,NeverRun,1,M3- FL WINS - UAT Test Plan/UAT 2/M3- Finalizations/DOE- UAT2 ETE Test Cases,,,
M3- FL WINS - UAT Test Plan,14493,VRAware:TC_M3_ETE_UAT2_0005_AC_CustPortal_CIF_VRAware_ReferralSubmissionOutage,NeverRun,1,M3- FL WINS - UAT Test Plan/UAT 2/M3- Finalizations/DOE- UAT2 ETE Test Cases,,,
M3- FL WINS - UAT Test Plan,14494,VRAware:TC_M3_ETE_UAT2_0006_AC_C360_CIF_VRAware_ReferralSubmissionOutage,NeverRun,1,M3- FL WINS - UAT Test Plan/UAT 2/M3- Finalizations/DOE- UAT2 ETE Test Cases,,,
M3- FL WINS - UAT Test Plan,14495,VRAware:TC_M3_ETE_UAT2_0002_AC_CustPortal_CIF_VRAware_ReferralSubmission_Self_Spanish,NeverRun,1,M3- FL WINS - UAT Test Plan/UAT 2/M3- Finalizations/DOE- UAT2 ETE Test Cases,,,
M3- FL WINS - UAT Test Plan,14496,VRAware:TC_M3_ETE_UAT2_0003_AC_CustPortal_CIF_VRAware_ReferralSubmission_Self_Creole,NeverRun,1,M3- FL WINS - UAT Test Plan/UAT 2/M3- Finalizations/DOE- UAT2 ETE Test Cases,,,
M3- FL WINS - UAT Test Plan,14394,VRAware:TC_M3_ETE_UAT2_0007_AC_CustPortal_PrePopulationOfCIF_VRAware_MatchFound_PullWPADataInCIFForBlankProfileFields,NeverRun,1,M3- FL WINS - UAT Test Plan/UAT 2/M3- Finalizations/DOE- UAT2 ETE Test Cases,,,
M3- FL WINS - UAT Test Plan,14395,VRAware:TC_M3_ETE_UAT2_0008_AC_CustPortal_PrePopulationOfCIF_VRAware_MatchFound_CustomerProfilePreference,NeverRun,1,M3- FL WINS - UAT Test Plan/UAT 2/M3- Finalizations/DOE- UAT2 ETE Test Cases,,,
M3- FL WINS - UAT Test Plan,14397,VRAware:TC_M3_ETE_UAT2_0010_AC_CustPortal_NoPrePopulationOfCIF_VRAware_NoMatchFound,NeverRun,1,M3- FL WINS - UAT Test Plan/UAT 2/M3- Finalizations/DOE- UAT2 ETE Test Cases,,,
M3- FL WINS - UAT Test Plan,14398,VRAware:TC_M3_ETE_UAT2_0009_AC_CustPortal_PrePopulationOfCIF_VRAware_MatchFound_AddressCheck,NeverRun,1,M3- FL WINS - UAT Test Plan/UAT 2/M3- Finalizations/DOE- UAT2 ETE Test Cases,,,
M3- FL WINS - UAT Test Plan,14490,VRAware:TC_M3_ETE_UAT2_0001_AC_CustPortal_CIF_VRAware_ReferralSubmission_Self,NeverRun,1,M3- FL WINS - UAT Test Plan/UAT 2/M3- Finalizations/DOE- UAT2 ETE Test Cases,,,
M3- FL WINS - UAT Test Plan,16637,US14048_TC_M3_S3_REQP-74_0001_AC_CustPortal_Vocational Rehabilitation,NeverRun,1,M3- FL WINS - UAT Test Plan/DOE - UAT 1/Priority 1- Portal/14048: VR- P - AC - Add Relevant Program Card to Registration Intake,,,
M3- FL WINS - UAT Test Plan,16638,US14048_TC_M3_S3_REQP-74_0003_AC_CustPortal_Vocational Rehabilitation Save For Later,NeverRun,1,M3- FL WINS - UAT Test Plan/DOE - UAT 1/Priority 1- Portal/14048: VR- P - AC - Add Relevant Program Card to Registration Intake,,,
M3- FL WINS - UAT Test Plan,16675,"US12083_TC_M3_S3_REQP-73_0001_C360-DS-Send Documents for eSignature and Track Envelope Status in Salesforce. (Upload a document, add signature, initial, date field and initiate Docusign eSignature process)",NeverRun,1,M3- FL WINS - UAT Test Plan/DOE - UAT 1/Priority 2 - C360/12083: DOE- C360-DS-Send Documents for eSignature and Track Envelope Status in Salesforce.,,,
M3- FL WINS - UAT Test Plan,16676,US12083_TC_M3_S3_REQP-73_0002_C360-DS-Send Documents for eSignature and Track Envelope Status in Salesforce. (Complete Docusign process ),NeverRun,1,M3- FL WINS - UAT Test Plan/DOE - UAT 1/Priority 2 - C360/12083: DOE- C360-DS-Send Documents for eSignature and Track Envelope Status in Salesforce.,,,
M3- FL WINS - UAT Test Plan,16677,US12083_TC_M3_S3_REQP-73_0003_C360-DS-Send Documents for eSignature and Track Envelope Status in Salesforce. ('Docusign Envelop Status),NeverRun,1,M3- FL WINS - UAT Test Plan/DOE - UAT 1/Priority 2 - C360/12083: DOE- C360-DS-Send Documents for eSignature and Track Envelope Status in Salesforce.,,,
M3- FL WINS - UAT Test Plan,16679,US12079_TC_M3_S3_ REQP-73_0001_C360-DS-Use Single Sign-On (SSO) Between Salesforce and DocuSign - Caseworker(Not authenticated with Docusign User),NeverRun,1,M3- FL WINS - UAT Test Plan/Commerce - UAT 1/Priority 3 - C360/12079: Commerce- C360-DS-Use Single Sign-On (SSO) Between Salesforce and DocuSign - Caseworker,,,
M3- FL WINS - UAT Test Plan,16680,US12079_TC_M3_S3_REQP-73_0002_C360-DS-Use Single Sign-On (SSO) Between Salesforce and DocuSign - Caseworker(Authenticated with Docusign User),NeverRun,1,M3- FL WINS - UAT Test Plan/Commerce - UAT 1/Priority 3 - C360/12079: Commerce- C360-DS-Use Single Sign-On (SSO) Between Salesforce and DocuSign - Caseworker,,,
M3- FL WINS - UAT Test Plan,16681,US12079_TC_M3_S3_REQP-73_0003_C360-DS-Use Single Sign-On (SSO) Between Salesforce and DocuSign - Caseworker(Inactive User Session),NeverRun,1,M3- FL WINS - UAT Test Plan/Commerce - UAT 1/Priority 3 - C360/12079: Commerce- C360-DS-Use Single Sign-On (SSO) Between Salesforce and DocuSign - Caseworker,,,
M3- FL WINS - UAT Test Plan,16690,US9843_TC_M3_S3_REQ-51_0001_Deactivate_QR_Code-UAC,NeverRun,1,M3- FL WINS - UAT Test Plan/Commerce - UAT 1/Priority 1-Portal/9843: Commerce - P-UAC/AC- Deactivate QR code,,,
M3- FL WINS - UAT Test Plan,16691,US9843_TC_M3_S3_REQ-51_0002_Deactivate_QR_Code-AC,NeverRun,1,M3- FL WINS - UAT Test Plan/Commerce - UAT 1/Priority 1-Portal/9843: Commerce - P-UAC/AC- Deactivate QR code,,,
M3- FL WINS - UAT Test Plan,16692,US9843_TC_M3_S3_REQ-51_0003_Deactivate_QR_Code - Haitian Creole Translation,NeverRun,1,M3- FL WINS - UAT Test Plan/Commerce - UAT 1/Priority 1-Portal/9843: Commerce - P-UAC/AC- Deactivate QR code,,,
M3- FL WINS - UAT Test Plan,16693,US9843_TC_M3_S3_REQ-51_0004_Deactivate_QR_Code -Spanish Translation,NeverRun,1,M3- FL WINS - UAT Test Plan/Commerce - UAT 1/Priority 1-Portal/9843: Commerce - P-UAC/AC- Deactivate QR code,,,
M3- FL WINS - UAT Test Plan,16688,US9844_TC_M3_S1_REQ-53_0001_Scan_QR_Code-UAC,Passed,1,M3- FL WINS - UAT Test Plan/Commerce - UAT 1/Priority 1-Portal/9844: Commerce - P-AC/UAC - Scan QR code Intake,,,
M3- FL WINS - UAT Test Plan,16689,US9844_TC_M3_S1_REQ53_0002_Scan_QR_Code-AC,Passed,1,M3- FL WINS - UAT Test Plan/Commerce - UAT 1/Priority 1-Portal/9844: Commerce - P-AC/UAC - Scan QR code Intake,,,
M3- FL WINS - UAT Test Plan,16686,US9842_TC_M3_S1_REQ-51_0001_Create_QR_Code-UAC,Passed,1,M3- FL WINS - UAT Test Plan/Commerce - UAT 1/Priority 1-Portal/9842: Commerce- P-AC/UAC- Create QR code,,,
M3- FL WINS - UAT Test Plan,16687,US9842_TC_M3_S1_REQ-51_0002_Create_QR_Code-AC,Passed,1,M3- FL WINS - UAT Test Plan/Commerce - UAT 1/Priority 1-Portal/9842: Commerce- P-AC/UAC- Create QR code,,,
M3- FL WINS - UAT Test Plan,16695,US11982_TC_M3_S3_0001_UAT -My Registration Intake tables - Default sort and add new column,Passed,1,M3- FL WINS - UAT Test Plan/Commerce - UAT 1/Priority 1-Portal/11982: Commerce- UAT -My Registration Intake tables - Default sort and add new column,,,
M3- FL WINS - UAT Test Plan,16697,US14167_TC_M3_S3_REQP-92_0002_AC_Verify Notification Bell Behavior for Assigned Tasks in Customer Portal,Paused,1,M3- FL WINS - UAT Test Plan/Commerce - UAT 1/Priority 1-Portal/14167: Commerce -P-AC- Custom Notification Bell,,,
M3- FL WINS - UAT Test Plan,16698,US14167_TC_M3_S3_REQP-92_0001_AC_Verify Bell Icon Displays No Notification When No Tasks Are Assigned,Passed,1,M3- FL WINS - UAT Test Plan/Commerce - UAT 1/Priority 1-Portal/14167: Commerce -P-AC- Custom Notification Bell,,,
M3- FL WINS - UAT Test Plan,16701,US461_TC_M3_S3_REQP-96_0002_AC_CustPortal_VRNoPromptForDocumentation,NeverRun,1,M3- FL WINS - UAT Test Plan/DOE - UAT 1/Priority 1- Portal/461: DOE - P-AC-Prompt for Documentation Needed (Reemployment Assistance) - English,,,
M3- FL WINS - UAT Test Plan,16703,US14268_TC_M3_Finalizations_Portal_0001 - Verifying the new custom component_eSignature on referral intake.,Passed,1,"M3- FL WINS - UAT Test Plan/Commerce - UAT 1/Priority 1-Portal/14268 : Commerce - P/C360 -Capture eSignature on referral intake - custom component (English, Spanish, Creole)",,,
M3- FL WINS - UAT Test Plan,16704,US14268_TC_M3_Finalizations_C360_0002 - Verifying the new custom component_eSignature on referral intake.,Passed,1,"M3- FL WINS - UAT Test Plan/Commerce - UAT 1/Priority 1-Portal/14268 : Commerce - P/C360 -Capture eSignature on referral intake - custom component (English, Spanish, Creole)",,,
M3- FL WINS - UAT Test Plan,16705,US14268_TC_M3_Finalizations_Portal_0003_Verifying the new custom component_eSignature on referral intake_Spanish Translations,Passed,1,"M3- FL WINS - UAT Test Plan/Commerce - UAT 1/Priority 1-Portal/14268 : Commerce - P/C360 -Capture eSignature on referral intake - custom component (English, Spanish, Creole)",,,
M3- FL WINS - UAT Test Plan,16706,US14268_TC_M3_Finalizations_P_0004_Verifying the new custom component_eSignature on referral intake_Creole Translations,Passed,1,"M3- FL WINS - UAT Test Plan/Commerce - UAT 1/Priority 1-Portal/14268 : Commerce - P/C360 -Capture eSignature on referral intake - custom component (English, Spanish, Creole)",,,
M3- FL WINS - UAT Test Plan,16707,"US14268_TC_M3_Finalizations_Portal_0005 - Verifying the ""Proceed"" button is disabled in the new custom component_eSignature on referral intake.",Passed,1,"M3- FL WINS - UAT Test Plan/Commerce - UAT 1/Priority 1-Portal/14268 : Commerce - P/C360 -Capture eSignature on referral intake - custom component (English, Spanish, Creole)",,,
M3- FL WINS - UAT Test Plan,16900,US8314_TC_M3_S2_REQP-80_0001_AC_EditProfile_formatting of DOB field.,NeverRun,1,M3- FL WINS - UAT Test Plan/DOE - UAT 1/Priority 1- Portal/8314: DOE - AC - ID.me - Suggestion for Special Characters,,,
M3- FL WINS - UAT Test Plan,16902,US478_TC_M3_S1_REQP-478_0001_P-UAC- Downloadable PDF Registration (Common) Intake Form (Moved to M3),Passed,1,M3- FL WINS - UAT Test Plan/Commerce - UAT 1/Priority 1-Portal/478: Commerce - P-UAC- Downloadable PDF Registration (Common) Intake Form (Moved to M3),,,
M3- FL WINS - UAT Test Plan,16904,US1892_TC_M3_S1_REQ-C360-01_0001_ First Time Login New Case Worker,NeverRun,1,M3- FL WINS - UAT Test Plan/DOE - UAT 1/Priority 2 - C360/1892: DOE -C360- SSO for B2B case worker,,,
M3- FL WINS - UAT Test Plan,16905,US1892_TC_M3_S1_REQ-C360-01_0002_Second and Subsequent Logins,NeverRun,1,M3- FL WINS - UAT Test Plan/DOE - UAT 1/Priority 2 - C360/1892: DOE -C360- SSO for B2B case worker,,,
M3- FL WINS - UAT Test Plan,16907,US1892_TC_M3_S1_REQ-C360-01_0004_Invalid Login Account Not Synced/Deprovisioned (DOE ID Email),NeverRun,1,M3- FL WINS - UAT Test Plan/DOE - UAT 1/Priority 2 - C360/1892: DOE -C360- SSO for B2B case worker,,,
